  [1m[35m (0.3ms)[0m  [1m[35mCREATE TABLE "schema_migrations" ("version" varchar NOT NULL PRIMARY KEY)[0m
  [1m[35m (0.1ms)[0m  [1m[35mCREATE TABLE "ar_internal_metadata" ("key" varchar NOT NULL PRIMARY KEY, "value" varchar, "created_at" datetime(6) NOT NULL, "updated_at" datetime(6) NOT NULL)[0m
  [1m[36mActiveRecord::InternalMetadata Load (0.1ms)[0m  [1m[34mSELECT * FROM "ar_internal_metadata" WHERE "ar_internal_metadata"."key" = ? ORDER BY "ar_internal_metadata"."key" ASC LIMIT 1[0m  [[nil, "environment"]]
  [1m[36mActiveRecord::InternalMetadata Create (0.1ms)[0m  [1m[32mINSERT INTO "ar_internal_metadata" ("key", "value", "created_at", "updated_at") VALUES ('environment', 'development', '2024-10-08 18:01:34.825685', '2024-10-08 18:01:34.825688') RETURNING "key"[0m
  [1m[36mActiveRecord::SchemaMigration Load (0.0ms)[0m  [1m[34mSELECT "schema_migrations"."version" FROM "schema_migrations" ORDER BY "schema_migrations"."version" ASC[0m
  [1m[36mActiveRecord::SchemaMigration Load (0.1ms)[0m  [1m[34mSELECT "schema_migrations"."version" FROM "schema_migrations" ORDER BY "schema_migrations"."version" ASC[0m
  [1m[36mActiveRecord::SchemaMigration Load (0.0ms)[0m  [1m[34mSELECT "schema_migrations"."version" FROM "schema_migrations" ORDER BY "schema_migrations"."version" ASC[0m
  [1m[35m (0.3ms)[0m  [1m[35mCREATE TABLE "schema_migrations" ("version" varchar NOT NULL PRIMARY KEY)[0m
  [1m[36mActiveRecord::SchemaMigration Load (0.0ms)[0m  [1m[34mSELECT "schema_migrations"."version" FROM "schema_migrations" ORDER BY "schema_migrations"."version" ASC[0m
  [1m[35m (0.0ms)[0m  [1m[32mINSERT INTO "schema_migrations" (version) VALUES (0)[0m
  [1m[35m (0.1ms)[0m  [1m[35mCREATE TABLE "ar_internal_metadata" ("key" varchar NOT NULL PRIMARY KEY, "value" varchar, "created_at" datetime(6) NOT NULL, "updated_at" datetime(6) NOT NULL)[0m
  [1m[36mActiveRecord::InternalMetadata Load (0.0ms)[0m  [1m[34mSELECT * FROM "ar_internal_metadata" WHERE "ar_internal_metadata"."key" = ? ORDER BY "ar_internal_metadata"."key" ASC LIMIT 1[0m  [[nil, "environment"]]
  [1m[36mActiveRecord::InternalMetadata Create (0.0ms)[0m  [1m[32mINSERT INTO "ar_internal_metadata" ("key", "value", "created_at", "updated_at") VALUES ('environment', 'development', '2024-10-09 05:47:46.998121', '2024-10-09 05:47:46.998123') RETURNING "key"[0m
  [1m[36mActiveRecord::InternalMetadata Load (0.0ms)[0m  [1m[34mSELECT * FROM "ar_internal_metadata" WHERE "ar_internal_metadata"."key" = ? ORDER BY "ar_internal_metadata"."key" ASC LIMIT 1[0m  [[nil, "environment"]]
  [1m[36mActiveRecord::InternalMetadata Update (0.0ms)[0m  [1m[33mUPDATE "ar_internal_metadata" SET "value" = 'test', "updated_at" = '2024-10-09 05:47:46.998924' WHERE "ar_internal_metadata"."key" = 'environment'[0m
  [1m[36mActiveRecord::InternalMetadata Load (0.0ms)[0m  [1m[34mSELECT * FROM "ar_internal_metadata" WHERE "ar_internal_metadata"."key" = ? ORDER BY "ar_internal_metadata"."key" ASC LIMIT 1[0m  [[nil, "schema_sha1"]]
  [1m[36mActiveRecord::InternalMetadata Create (0.1ms)[0m  [1m[32mINSERT INTO "ar_internal_metadata" ("key", "value", "created_at", "updated_at") VALUES ('schema_sha1', 'a9441afedce23fe1b860376dc9aeb911aa158017', '2024-10-09 05:47:47.003840', '2024-10-09 05:47:47.003843') RETURNING "key"[0m
Started GET "/" for 127.0.0.1 at 2024-10-09 17:50:49 -0700
  [1m[36mActiveRecord::SchemaMigration Load (0.3ms)[0m  [1m[34mSELECT "schema_migrations"."version" FROM "schema_migrations" ORDER BY "schema_migrations"."version" ASC[0m
Processing by Rails::WelcomeController#index as HTML
  Rendering /Users/jash/.asdf/installs/ruby/3.3.4/lib/ruby/gems/3.3.0/gems/railties-7.2.1/lib/rails/templates/rails/welcome/index.html.erb
  Rendered /Users/jash/.asdf/installs/ruby/3.3.4/lib/ruby/gems/3.3.0/gems/railties-7.2.1/lib/rails/templates/rails/welcome/index.html.erb (Duration: 0.4ms | GC: 0.0ms)
Completed 200 OK in 23ms (Views: 11.2ms | ActiveRecord: 0.0ms (0 queries, 0 cached) | GC: 6.5ms)


Started GET "/icon.png" for 127.0.0.1 at 2024-10-09 17:50:49 -0700
  
ActionController::RoutingError (No route matches [GET] "/icon.png"):
  
Started GET "/icon.png" for 127.0.0.1 at 2024-10-09 17:50:49 -0700
  
ActionController::RoutingError (No route matches [GET] "/icon.png"):
  
  [1m[36mActiveRecord::InternalMetadata Load (0.4ms)[0m  [1m[34mSELECT * FROM "ar_internal_metadata" WHERE "ar_internal_metadata"."key" = ? ORDER BY "ar_internal_metadata"."key" ASC LIMIT 1[0m  [[nil, "environment"]]
  [1m[36mActiveRecord::SchemaMigration Load (0.1ms)[0m  [1m[34mSELECT "schema_migrations"."version" FROM "schema_migrations" ORDER BY "schema_migrations"."version" ASC[0m
Migrating to DeviseCreateUsers (20241010025956)
  [1m[36mTRANSACTION (0.0ms)[0m  [1m[36mbegin transaction[0m
  [1m[35m (1.2ms)[0m  [1m[35mCREATE TABLE "users" ("id" integer PRIMARY KEY AUTOINCREMENT NOT NULL, "email" varchar DEFAULT '' NOT NULL, "encrypted_password" varchar DEFAULT '' NOT NULL, "reset_password_token" varchar, "reset_password_sent_at" datetime(6), "remember_created_at" datetime(6), "created_at" datetime(6) NOT NULL, "updated_at" datetime(6) NOT NULL)[0m
  [1m[35m (0.0ms)[0m  [1m[35mCREATE UNIQUE INDEX "index_users_on_email" ON "users" ("email")[0m
  [1m[35m (0.0ms)[0m  [1m[35mCREATE UNIQUE INDEX "index_users_on_reset_password_token" ON "users" ("reset_password_token")[0m
  [1m[36mActiveRecord::SchemaMigration Create (0.0ms)[0m  [1m[32mINSERT INTO "schema_migrations" ("version") VALUES ('20241010025956') RETURNING "version"[0m
  [1m[36mTRANSACTION (0.2ms)[0m  [1m[36mcommit transaction[0m
Migrating to AddJtiToUsers (20241010033211)
  [1m[36mTRANSACTION (0.0ms)[0m  [1m[36mbegin transaction[0m
  [1m[36mActiveRecord::SchemaMigration Create (0.3ms)[0m  [1m[32mINSERT INTO "schema_migrations" ("version") VALUES ('20241010033211') RETURNING "version"[0m
  [1m[36mTRANSACTION (0.0ms)[0m  [1m[36mcommit transaction[0m
  [1m[36mActiveRecord::SchemaMigration Load (0.0ms)[0m  [1m[34mSELECT "schema_migrations"."version" FROM "schema_migrations" ORDER BY "schema_migrations"."version" ASC[0m
  [1m[36mActiveRecord::InternalMetadata Load (0.3ms)[0m  [1m[34mSELECT * FROM "ar_internal_metadata" WHERE "ar_internal_metadata"."key" = ? ORDER BY "ar_internal_metadata"."key" ASC LIMIT 1[0m  [[nil, "environment"]]
  [1m[36mActiveRecord::SchemaMigration Load (0.0ms)[0m  [1m[34mSELECT "schema_migrations"."version" FROM "schema_migrations" ORDER BY "schema_migrations"."version" ASC[0m
Migrating to AddJtiToUsers (20241010044839)
  [1m[36mTRANSACTION (0.0ms)[0m  [1m[36mbegin transaction[0m
  [1m[36mActiveRecord::SchemaMigration Create (1.0ms)[0m  [1m[32mINSERT INTO "schema_migrations" ("version") VALUES ('20241010044839') RETURNING "version"[0m
  [1m[36mTRANSACTION (0.2ms)[0m  [1m[36mcommit transaction[0m
  [1m[36mActiveRecord::SchemaMigration Load (0.0ms)[0m  [1m[34mSELECT "schema_migrations"."version" FROM "schema_migrations" ORDER BY "schema_migrations"."version" ASC[0m
  [1m[36mActiveRecord::InternalMetadata Load (0.2ms)[0m  [1m[34mSELECT * FROM "ar_internal_metadata" WHERE "ar_internal_metadata"."key" = ? ORDER BY "ar_internal_metadata"."key" ASC LIMIT 1[0m  [[nil, "environment"]]
  [1m[36mActiveRecord::SchemaMigration Load (0.0ms)[0m  [1m[34mSELECT "schema_migrations"."version" FROM "schema_migrations" ORDER BY "schema_migrations"."version" ASC[0m
  [1m[36mActiveRecord::SchemaMigration Load (0.0ms)[0m  [1m[34mSELECT "schema_migrations"."version" FROM "schema_migrations" ORDER BY "schema_migrations"."version" ASC[0m
  [1m[36mActiveRecord::InternalMetadata Load (0.2ms)[0m  [1m[34mSELECT * FROM "ar_internal_metadata" WHERE "ar_internal_metadata"."key" = ? ORDER BY "ar_internal_metadata"."key" ASC LIMIT 1[0m  [[nil, "environment"]]
  [1m[36mActiveRecord::SchemaMigration Load (0.0ms)[0m  [1m[34mSELECT "schema_migrations"."version" FROM "schema_migrations" ORDER BY "schema_migrations"."version" ASC[0m
  [1m[36mActiveRecord::SchemaMigration Load (0.0ms)[0m  [1m[34mSELECT "schema_migrations"."version" FROM "schema_migrations" ORDER BY "schema_migrations"."version" ASC[0m
  [1m[36mActiveRecord::InternalMetadata Load (0.3ms)[0m  [1m[34mSELECT * FROM "ar_internal_metadata" WHERE "ar_internal_metadata"."key" = ? ORDER BY "ar_internal_metadata"."key" ASC LIMIT 1[0m  [[nil, "environment"]]
  [1m[36mActiveRecord::SchemaMigration Load (0.0ms)[0m  [1m[34mSELECT "schema_migrations"."version" FROM "schema_migrations" ORDER BY "schema_migrations"."version" ASC[0m
  [1m[36mActiveRecord::SchemaMigration Load (0.0ms)[0m  [1m[34mSELECT "schema_migrations"."version" FROM "schema_migrations" ORDER BY "schema_migrations"."version" ASC[0m
  [1m[36mActiveRecord::InternalMetadata Load (0.2ms)[0m  [1m[34mSELECT * FROM "ar_internal_metadata" WHERE "ar_internal_metadata"."key" = ? ORDER BY "ar_internal_metadata"."key" ASC LIMIT 1[0m  [[nil, "environment"]]
  [1m[36mActiveRecord::SchemaMigration Load (0.0ms)[0m  [1m[34mSELECT "schema_migrations"."version" FROM "schema_migrations" ORDER BY "schema_migrations"."version" ASC[0m
Migrating to AddJtiToUsers (20241010185858)
  [1m[36mTRANSACTION (0.0ms)[0m  [1m[36mbegin transaction[0m
  [1m[36mActiveRecord::SchemaMigration Create (1.0ms)[0m  [1m[32mINSERT INTO "schema_migrations" ("version") VALUES ('20241010185858') RETURNING "version"[0m
  [1m[36mTRANSACTION (0.2ms)[0m  [1m[36mcommit transaction[0m
  [1m[36mActiveRecord::SchemaMigration Load (0.0ms)[0m  [1m[34mSELECT "schema_migrations"."version" FROM "schema_migrations" ORDER BY "schema_migrations"."version" ASC[0m
  [1m[36mActiveRecord::SchemaMigration Load (0.1ms)[0m  [1m[34mSELECT "schema_migrations"."version" FROM "schema_migrations" ORDER BY "schema_migrations"."version" ASC[0m
  [1m[36mActiveRecord::InternalMetadata Load (0.2ms)[0m  [1m[34mSELECT * FROM "ar_internal_metadata" WHERE "ar_internal_metadata"."key" = ? ORDER BY "ar_internal_metadata"."key" ASC LIMIT 1[0m  [[nil, "environment"]]
  [1m[36mActiveRecord::SchemaMigration Load (0.0ms)[0m  [1m[34mSELECT "schema_migrations"."version" FROM "schema_migrations" ORDER BY "schema_migrations"."version" ASC[0m
  [1m[36mActiveRecord::InternalMetadata Load (0.0ms)[0m  [1m[34mSELECT * FROM "ar_internal_metadata" WHERE "ar_internal_metadata"."key" = ? ORDER BY "ar_internal_metadata"."key" ASC LIMIT 1[0m  [[nil, "environment"]]
  [1m[36mActiveRecord::SchemaMigration Load (0.0ms)[0m  [1m[34mSELECT "schema_migrations"."version" FROM "schema_migrations" ORDER BY "schema_migrations"."version" ASC[0m
  [1m[36mActiveRecord::InternalMetadata Load (0.0ms)[0m  [1m[34mSELECT * FROM "ar_internal_metadata" WHERE "ar_internal_metadata"."key" = ? ORDER BY "ar_internal_metadata"."key" ASC LIMIT 1[0m  [[nil, "environment"]]
  [1m[35m (0.2ms)[0m  [1m[35mDROP TABLE IF EXISTS "users"[0m
  [1m[35m (0.8ms)[0m  [1m[35mCREATE TABLE "users" ("id" integer PRIMARY KEY AUTOINCREMENT NOT NULL, "email" varchar DEFAULT '' NOT NULL, "encrypted_password" varchar DEFAULT '' NOT NULL, "reset_password_token" varchar, "reset_password_sent_at" datetime(6), "remember_created_at" datetime(6), "created_at" datetime(6) NOT NULL, "updated_at" datetime(6) NOT NULL, "jti" varchar NOT NULL)[0m
  [1m[35m (0.1ms)[0m  [1m[35mCREATE UNIQUE INDEX "index_users_on_email" ON "users" ("email")[0m
  [1m[35m (0.0ms)[0m  [1m[35mCREATE UNIQUE INDEX "index_users_on_jti" ON "users" ("jti")[0m
  [1m[35m (0.0ms)[0m  [1m[35mCREATE UNIQUE INDEX "index_users_on_reset_password_token" ON "users" ("reset_password_token")[0m
  [1m[35m (0.1ms)[0m  [1m[35mCREATE TABLE "schema_migrations" ("version" varchar NOT NULL PRIMARY KEY)[0m
  [1m[36mActiveRecord::SchemaMigration Load (0.0ms)[0m  [1m[34mSELECT "schema_migrations"."version" FROM "schema_migrations" ORDER BY "schema_migrations"."version" ASC[0m
  [1m[35m (0.0ms)[0m  [1m[32mINSERT INTO "schema_migrations" (version) VALUES (20241010185858)[0m
  [1m[35m (0.0ms)[0m  [1m[32mINSERT INTO "schema_migrations" (version) VALUES
(20241010025956);[0m
  [1m[35m (0.1ms)[0m  [1m[35mCREATE TABLE "ar_internal_metadata" ("key" varchar NOT NULL PRIMARY KEY, "value" varchar, "created_at" datetime(6) NOT NULL, "updated_at" datetime(6) NOT NULL)[0m
  [1m[36mActiveRecord::InternalMetadata Load (0.0ms)[0m  [1m[34mSELECT * FROM "ar_internal_metadata" WHERE "ar_internal_metadata"."key" = ? ORDER BY "ar_internal_metadata"."key" ASC LIMIT 1[0m  [[nil, "environment"]]
  [1m[36mActiveRecord::InternalMetadata Create (0.0ms)[0m  [1m[32mINSERT INTO "ar_internal_metadata" ("key", "value", "created_at", "updated_at") VALUES ('environment', 'development', '2024-10-12 18:35:07.236073', '2024-10-12 18:35:07.236073') RETURNING "key"[0m
  [1m[36mActiveRecord::InternalMetadata Load (0.0ms)[0m  [1m[34mSELECT * FROM "ar_internal_metadata" WHERE "ar_internal_metadata"."key" = ? ORDER BY "ar_internal_metadata"."key" ASC LIMIT 1[0m  [[nil, "environment"]]
  [1m[36mActiveRecord::InternalMetadata Update (0.0ms)[0m  [1m[33mUPDATE "ar_internal_metadata" SET "value" = 'test', "updated_at" = '2024-10-12 18:35:07.236738' WHERE "ar_internal_metadata"."key" = 'environment'[0m
  [1m[36mActiveRecord::InternalMetadata Load (0.0ms)[0m  [1m[34mSELECT * FROM "ar_internal_metadata" WHERE "ar_internal_metadata"."key" = ? ORDER BY "ar_internal_metadata"."key" ASC LIMIT 1[0m  [[nil, "schema_sha1"]]
  [1m[36mActiveRecord::InternalMetadata Create (0.0ms)[0m  [1m[32mINSERT INTO "ar_internal_metadata" ("key", "value", "created_at", "updated_at") VALUES ('schema_sha1', '3992ace0b6826d089a4034ae3d3e1e502e7bb362', '2024-10-12 18:35:07.237231', '2024-10-12 18:35:07.237231') RETURNING "key"[0m
  [1m[36mActiveRecord::SchemaMigration Load (0.1ms)[0m  [1m[34mSELECT "schema_migrations"."version" FROM "schema_migrations" ORDER BY "schema_migrations"."version" ASC[0m
  [1m[36mActiveRecord::InternalMetadata Load (0.0ms)[0m  [1m[34mSELECT * FROM "ar_internal_metadata" WHERE "ar_internal_metadata"."key" = ? ORDER BY "ar_internal_metadata"."key" ASC LIMIT 1[0m  [[nil, "environment"]]
  [1m[36mActiveRecord::SchemaMigration Load (0.0ms)[0m  [1m[34mSELECT "schema_migrations"."version" FROM "schema_migrations" ORDER BY "schema_migrations"."version" ASC[0m
  [1m[36mActiveRecord::InternalMetadata Load (0.0ms)[0m  [1m[34mSELECT * FROM "ar_internal_metadata" WHERE "ar_internal_metadata"."key" = ? ORDER BY "ar_internal_metadata"."key" ASC LIMIT 1[0m  [[nil, "environment"]]
  [1m[36mActiveRecord::SchemaMigration Load (0.0ms)[0m  [1m[34mSELECT "schema_migrations"."version" FROM "schema_migrations" ORDER BY "schema_migrations"."version" ASC[0m
  [1m[36mActiveRecord::InternalMetadata Load (0.0ms)[0m  [1m[34mSELECT * FROM "ar_internal_metadata" WHERE "ar_internal_metadata"."key" = ? ORDER BY "ar_internal_metadata"."key" ASC LIMIT 1[0m  [[nil, "environment"]]
  [1m[35m (0.2ms)[0m  [1m[35mDROP TABLE IF EXISTS "users"[0m
  [1m[35m (0.2ms)[0m  [1m[35mCREATE TABLE "users" ("id" integer PRIMARY KEY AUTOINCREMENT NOT NULL, "email" varchar DEFAULT '' NOT NULL, "encrypted_password" varchar DEFAULT '' NOT NULL, "reset_password_token" varchar, "reset_password_sent_at" datetime(6), "remember_created_at" datetime(6), "created_at" datetime(6) NOT NULL, "updated_at" datetime(6) NOT NULL, "jti" varchar NOT NULL)[0m
  [1m[35m (0.1ms)[0m  [1m[35mCREATE UNIQUE INDEX "index_users_on_email" ON "users" ("email")[0m
  [1m[35m (0.0ms)[0m  [1m[35mCREATE UNIQUE INDEX "index_users_on_jti" ON "users" ("jti")[0m
  [1m[35m (0.0ms)[0m  [1m[35mCREATE UNIQUE INDEX "index_users_on_reset_password_token" ON "users" ("reset_password_token")[0m
  [1m[35m (0.1ms)[0m  [1m[35mCREATE TABLE "schema_migrations" ("version" varchar NOT NULL PRIMARY KEY)[0m
  [1m[36mActiveRecord::SchemaMigration Load (0.0ms)[0m  [1m[34mSELECT "schema_migrations"."version" FROM "schema_migrations" ORDER BY "schema_migrations"."version" ASC[0m
  [1m[35m (0.0ms)[0m  [1m[32mINSERT INTO "schema_migrations" (version) VALUES (20241010185858)[0m
  [1m[35m (0.0ms)[0m  [1m[32mINSERT INTO "schema_migrations" (version) VALUES
(20241010025956);[0m
  [1m[35m (0.1ms)[0m  [1m[35mCREATE TABLE "ar_internal_metadata" ("key" varchar NOT NULL PRIMARY KEY, "value" varchar, "created_at" datetime(6) NOT NULL, "updated_at" datetime(6) NOT NULL)[0m
  [1m[36mActiveRecord::InternalMetadata Load (0.0ms)[0m  [1m[34mSELECT * FROM "ar_internal_metadata" WHERE "ar_internal_metadata"."key" = ? ORDER BY "ar_internal_metadata"."key" ASC LIMIT 1[0m  [[nil, "environment"]]
  [1m[36mActiveRecord::InternalMetadata Create (0.0ms)[0m  [1m[32mINSERT INTO "ar_internal_metadata" ("key", "value", "created_at", "updated_at") VALUES ('environment', 'development', '2024-10-12 18:35:54.229299', '2024-10-12 18:35:54.229300') RETURNING "key"[0m
  [1m[36mActiveRecord::InternalMetadata Load (0.0ms)[0m  [1m[34mSELECT * FROM "ar_internal_metadata" WHERE "ar_internal_metadata"."key" = ? ORDER BY "ar_internal_metadata"."key" ASC LIMIT 1[0m  [[nil, "environment"]]
  [1m[36mActiveRecord::InternalMetadata Update (0.0ms)[0m  [1m[33mUPDATE "ar_internal_metadata" SET "value" = 'test', "updated_at" = '2024-10-12 18:35:54.230316' WHERE "ar_internal_metadata"."key" = 'environment'[0m
  [1m[36mActiveRecord::InternalMetadata Load (0.0ms)[0m  [1m[34mSELECT * FROM "ar_internal_metadata" WHERE "ar_internal_metadata"."key" = ? ORDER BY "ar_internal_metadata"."key" ASC LIMIT 1[0m  [[nil, "schema_sha1"]]
  [1m[36mActiveRecord::InternalMetadata Create (0.0ms)[0m  [1m[32mINSERT INTO "ar_internal_metadata" ("key", "value", "created_at", "updated_at") VALUES ('schema_sha1', '3992ace0b6826d089a4034ae3d3e1e502e7bb362', '2024-10-12 18:35:54.230861', '2024-10-12 18:35:54.230861') RETURNING "key"[0m
  [1m[36mActiveRecord::SchemaMigration Load (0.1ms)[0m  [1m[34mSELECT "schema_migrations"."version" FROM "schema_migrations" ORDER BY "schema_migrations"."version" ASC[0m
  [1m[36mActiveRecord::InternalMetadata Load (0.0ms)[0m  [1m[34mSELECT * FROM "ar_internal_metadata" WHERE "ar_internal_metadata"."key" = ? ORDER BY "ar_internal_metadata"."key" ASC LIMIT 1[0m  [[nil, "environment"]]
  [1m[36mActiveRecord::SchemaMigration Load (0.0ms)[0m  [1m[34mSELECT "schema_migrations"."version" FROM "schema_migrations" ORDER BY "schema_migrations"."version" ASC[0m
  [1m[36mActiveRecord::InternalMetadata Load (0.0ms)[0m  [1m[34mSELECT * FROM "ar_internal_metadata" WHERE "ar_internal_metadata"."key" = ? ORDER BY "ar_internal_metadata"."key" ASC LIMIT 1[0m  [[nil, "environment"]]
  [1m[36mActiveRecord::SchemaMigration Load (0.0ms)[0m  [1m[34mSELECT "schema_migrations"."version" FROM "schema_migrations" ORDER BY "schema_migrations"."version" ASC[0m
  [1m[36mActiveRecord::InternalMetadata Load (0.0ms)[0m  [1m[34mSELECT * FROM "ar_internal_metadata" WHERE "ar_internal_metadata"."key" = ? ORDER BY "ar_internal_metadata"."key" ASC LIMIT 1[0m  [[nil, "environment"]]
  [1m[35m (0.2ms)[0m  [1m[35mDROP TABLE IF EXISTS "users"[0m
  [1m[35m (0.2ms)[0m  [1m[35mCREATE TABLE "users" ("id" integer PRIMARY KEY AUTOINCREMENT NOT NULL, "email" varchar DEFAULT '' NOT NULL, "encrypted_password" varchar DEFAULT '' NOT NULL, "reset_password_token" varchar, "reset_password_sent_at" datetime(6), "remember_created_at" datetime(6), "created_at" datetime(6) NOT NULL, "updated_at" datetime(6) NOT NULL, "jti" varchar NOT NULL)[0m
  [1m[35m (0.1ms)[0m  [1m[35mCREATE UNIQUE INDEX "index_users_on_email" ON "users" ("email")[0m
  [1m[35m (0.0ms)[0m  [1m[35mCREATE UNIQUE INDEX "index_users_on_jti" ON "users" ("jti")[0m
  [1m[35m (0.0ms)[0m  [1m[35mCREATE UNIQUE INDEX "index_users_on_reset_password_token" ON "users" ("reset_password_token")[0m
  [1m[35m (0.1ms)[0m  [1m[35mCREATE TABLE "schema_migrations" ("version" varchar NOT NULL PRIMARY KEY)[0m
  [1m[36mActiveRecord::SchemaMigration Load (0.0ms)[0m  [1m[34mSELECT "schema_migrations"."version" FROM "schema_migrations" ORDER BY "schema_migrations"."version" ASC[0m
  [1m[35m (0.0ms)[0m  [1m[32mINSERT INTO "schema_migrations" (version) VALUES (20241010185858)[0m
  [1m[35m (0.0ms)[0m  [1m[32mINSERT INTO "schema_migrations" (version) VALUES
(20241010025956);[0m
  [1m[35m (0.1ms)[0m  [1m[35mCREATE TABLE "ar_internal_metadata" ("key" varchar NOT NULL PRIMARY KEY, "value" varchar, "created_at" datetime(6) NOT NULL, "updated_at" datetime(6) NOT NULL)[0m
  [1m[36mActiveRecord::InternalMetadata Load (0.0ms)[0m  [1m[34mSELECT * FROM "ar_internal_metadata" WHERE "ar_internal_metadata"."key" = ? ORDER BY "ar_internal_metadata"."key" ASC LIMIT 1[0m  [[nil, "environment"]]
  [1m[36mActiveRecord::InternalMetadata Create (0.0ms)[0m  [1m[32mINSERT INTO "ar_internal_metadata" ("key", "value", "created_at", "updated_at") VALUES ('environment', 'development', '2024-10-12 18:36:10.737485', '2024-10-12 18:36:10.737485') RETURNING "key"[0m
  [1m[36mActiveRecord::InternalMetadata Load (0.0ms)[0m  [1m[34mSELECT * FROM "ar_internal_metadata" WHERE "ar_internal_metadata"."key" = ? ORDER BY "ar_internal_metadata"."key" ASC LIMIT 1[0m  [[nil, "environment"]]
  [1m[36mActiveRecord::InternalMetadata Update (0.0ms)[0m  [1m[33mUPDATE "ar_internal_metadata" SET "value" = 'test', "updated_at" = '2024-10-12 18:36:10.738079' WHERE "ar_internal_metadata"."key" = 'environment'[0m
  [1m[36mActiveRecord::InternalMetadata Load (0.0ms)[0m  [1m[34mSELECT * FROM "ar_internal_metadata" WHERE "ar_internal_metadata"."key" = ? ORDER BY "ar_internal_metadata"."key" ASC LIMIT 1[0m  [[nil, "schema_sha1"]]
  [1m[36mActiveRecord::InternalMetadata Create (0.0ms)[0m  [1m[32mINSERT INTO "ar_internal_metadata" ("key", "value", "created_at", "updated_at") VALUES ('schema_sha1', '3992ace0b6826d089a4034ae3d3e1e502e7bb362', '2024-10-12 18:36:10.738541', '2024-10-12 18:36:10.738541') RETURNING "key"[0m
  [1m[36mActiveRecord::SchemaMigration Load (0.1ms)[0m  [1m[34mSELECT "schema_migrations"."version" FROM "schema_migrations" ORDER BY "schema_migrations"."version" ASC[0m
  [1m[36mActiveRecord::InternalMetadata Load (0.0ms)[0m  [1m[34mSELECT * FROM "ar_internal_metadata" WHERE "ar_internal_metadata"."key" = ? ORDER BY "ar_internal_metadata"."key" ASC LIMIT 1[0m  [[nil, "environment"]]
  [1m[36mActiveRecord::SchemaMigration Load (0.0ms)[0m  [1m[34mSELECT "schema_migrations"."version" FROM "schema_migrations" ORDER BY "schema_migrations"."version" ASC[0m
  [1m[36mActiveRecord::InternalMetadata Load (0.0ms)[0m  [1m[34mSELECT * FROM "ar_internal_metadata" WHERE "ar_internal_metadata"."key" = ? ORDER BY "ar_internal_metadata"."key" ASC LIMIT 1[0m  [[nil, "environment"]]
  [1m[36mActiveRecord::SchemaMigration Load (0.0ms)[0m  [1m[34mSELECT "schema_migrations"."version" FROM "schema_migrations" ORDER BY "schema_migrations"."version" ASC[0m
  [1m[36mActiveRecord::InternalMetadata Load (0.0ms)[0m  [1m[34mSELECT * FROM "ar_internal_metadata" WHERE "ar_internal_metadata"."key" = ? ORDER BY "ar_internal_metadata"."key" ASC LIMIT 1[0m  [[nil, "environment"]]
  [1m[35m (0.2ms)[0m  [1m[35mDROP TABLE IF EXISTS "users"[0m
  [1m[35m (0.2ms)[0m  [1m[35mCREATE TABLE "users" ("id" integer PRIMARY KEY AUTOINCREMENT NOT NULL, "email" varchar DEFAULT '' NOT NULL, "encrypted_password" varchar DEFAULT '' NOT NULL, "reset_password_token" varchar, "reset_password_sent_at" datetime(6), "remember_created_at" datetime(6), "created_at" datetime(6) NOT NULL, "updated_at" datetime(6) NOT NULL, "jti" varchar NOT NULL)[0m
  [1m[35m (0.1ms)[0m  [1m[35mCREATE UNIQUE INDEX "index_users_on_email" ON "users" ("email")[0m
  [1m[35m (0.0ms)[0m  [1m[35mCREATE UNIQUE INDEX "index_users_on_jti" ON "users" ("jti")[0m
  [1m[35m (0.0ms)[0m  [1m[35mCREATE UNIQUE INDEX "index_users_on_reset_password_token" ON "users" ("reset_password_token")[0m
  [1m[35m (0.1ms)[0m  [1m[35mCREATE TABLE "schema_migrations" ("version" varchar NOT NULL PRIMARY KEY)[0m
  [1m[36mActiveRecord::SchemaMigration Load (0.0ms)[0m  [1m[34mSELECT "schema_migrations"."version" FROM "schema_migrations" ORDER BY "schema_migrations"."version" ASC[0m
  [1m[35m (0.0ms)[0m  [1m[32mINSERT INTO "schema_migrations" (version) VALUES (20241010185858)[0m
  [1m[35m (0.0ms)[0m  [1m[32mINSERT INTO "schema_migrations" (version) VALUES
(20241010025956);[0m
  [1m[35m (0.1ms)[0m  [1m[35mCREATE TABLE "ar_internal_metadata" ("key" varchar NOT NULL PRIMARY KEY, "value" varchar, "created_at" datetime(6) NOT NULL, "updated_at" datetime(6) NOT NULL)[0m
  [1m[36mActiveRecord::InternalMetadata Load (0.0ms)[0m  [1m[34mSELECT * FROM "ar_internal_metadata" WHERE "ar_internal_metadata"."key" = ? ORDER BY "ar_internal_metadata"."key" ASC LIMIT 1[0m  [[nil, "environment"]]
  [1m[36mActiveRecord::InternalMetadata Create (0.1ms)[0m  [1m[32mINSERT INTO "ar_internal_metadata" ("key", "value", "created_at", "updated_at") VALUES ('environment', 'development', '2024-10-12 18:38:37.387879', '2024-10-12 18:38:37.387880') RETURNING "key"[0m
  [1m[36mActiveRecord::InternalMetadata Load (0.0ms)[0m  [1m[34mSELECT * FROM "ar_internal_metadata" WHERE "ar_internal_metadata"."key" = ? ORDER BY "ar_internal_metadata"."key" ASC LIMIT 1[0m  [[nil, "environment"]]
  [1m[36mActiveRecord::InternalMetadata Update (0.0ms)[0m  [1m[33mUPDATE "ar_internal_metadata" SET "value" = 'test', "updated_at" = '2024-10-12 18:38:37.388561' WHERE "ar_internal_metadata"."key" = 'environment'[0m
  [1m[36mActiveRecord::InternalMetadata Load (0.0ms)[0m  [1m[34mSELECT * FROM "ar_internal_metadata" WHERE "ar_internal_metadata"."key" = ? ORDER BY "ar_internal_metadata"."key" ASC LIMIT 1[0m  [[nil, "schema_sha1"]]
  [1m[36mActiveRecord::InternalMetadata Create (0.0ms)[0m  [1m[32mINSERT INTO "ar_internal_metadata" ("key", "value", "created_at", "updated_at") VALUES ('schema_sha1', '3992ace0b6826d089a4034ae3d3e1e502e7bb362', '2024-10-12 18:38:37.389040', '2024-10-12 18:38:37.389041') RETURNING "key"[0m
  [1m[36mActiveRecord::SchemaMigration Load (0.2ms)[0m  [1m[34mSELECT "schema_migrations"."version" FROM "schema_migrations" ORDER BY "schema_migrations"."version" ASC[0m
  [1m[36mActiveRecord::InternalMetadata Load (0.2ms)[0m  [1m[34mSELECT * FROM "ar_internal_metadata" WHERE "ar_internal_metadata"."key" = ? ORDER BY "ar_internal_metadata"."key" ASC LIMIT 1[0m  [[nil, "environment"]]
  [1m[36mActiveRecord::SchemaMigration Load (0.0ms)[0m  [1m[34mSELECT "schema_migrations"."version" FROM "schema_migrations" ORDER BY "schema_migrations"."version" ASC[0m
  [1m[36mActiveRecord::InternalMetadata Load (0.0ms)[0m  [1m[34mSELECT * FROM "ar_internal_metadata" WHERE "ar_internal_metadata"."key" = ? ORDER BY "ar_internal_metadata"."key" ASC LIMIT 1[0m  [[nil, "environment"]]
  [1m[36mActiveRecord::SchemaMigration Load (0.0ms)[0m  [1m[34mSELECT "schema_migrations"."version" FROM "schema_migrations" ORDER BY "schema_migrations"."version" ASC[0m
  [1m[36mActiveRecord::InternalMetadata Load (0.0ms)[0m  [1m[34mSELECT * FROM "ar_internal_metadata" WHERE "ar_internal_metadata"."key" = ? ORDER BY "ar_internal_metadata"."key" ASC LIMIT 1[0m  [[nil, "environment"]]
  [1m[35m (0.2ms)[0m  [1m[35mDROP TABLE IF EXISTS "users"[0m
  [1m[35m (0.2ms)[0m  [1m[35mCREATE TABLE "users" ("id" integer PRIMARY KEY AUTOINCREMENT NOT NULL, "email" varchar DEFAULT '' NOT NULL, "encrypted_password" varchar DEFAULT '' NOT NULL, "reset_password_token" varchar, "reset_password_sent_at" datetime(6), "remember_created_at" datetime(6), "created_at" datetime(6) NOT NULL, "updated_at" datetime(6) NOT NULL, "jti" varchar NOT NULL)[0m
  [1m[35m (0.1ms)[0m  [1m[35mCREATE UNIQUE INDEX "index_users_on_email" ON "users" ("email")[0m
  [1m[35m (0.1ms)[0m  [1m[35mCREATE UNIQUE INDEX "index_users_on_jti" ON "users" ("jti")[0m
  [1m[35m (0.1ms)[0m  [1m[35mCREATE UNIQUE INDEX "index_users_on_reset_password_token" ON "users" ("reset_password_token")[0m
  [1m[35m (0.1ms)[0m  [1m[35mCREATE TABLE "schema_migrations" ("version" varchar NOT NULL PRIMARY KEY)[0m
  [1m[36mActiveRecord::SchemaMigration Load (0.0ms)[0m  [1m[34mSELECT "schema_migrations"."version" FROM "schema_migrations" ORDER BY "schema_migrations"."version" ASC[0m
  [1m[35m (0.0ms)[0m  [1m[32mINSERT INTO "schema_migrations" (version) VALUES (20241010185858)[0m
  [1m[35m (0.0ms)[0m  [1m[32mINSERT INTO "schema_migrations" (version) VALUES
(20241010025956);[0m
  [1m[35m (0.1ms)[0m  [1m[35mCREATE TABLE "ar_internal_metadata" ("key" varchar NOT NULL PRIMARY KEY, "value" varchar, "created_at" datetime(6) NOT NULL, "updated_at" datetime(6) NOT NULL)[0m
  [1m[36mActiveRecord::InternalMetadata Load (0.0ms)[0m  [1m[34mSELECT * FROM "ar_internal_metadata" WHERE "ar_internal_metadata"."key" = ? ORDER BY "ar_internal_metadata"."key" ASC LIMIT 1[0m  [[nil, "environment"]]
  [1m[36mActiveRecord::InternalMetadata Create (0.0ms)[0m  [1m[32mINSERT INTO "ar_internal_metadata" ("key", "value", "created_at", "updated_at") VALUES ('environment', 'development', '2024-10-12 19:12:07.892409', '2024-10-12 19:12:07.892410') RETURNING "key"[0m
  [1m[36mActiveRecord::InternalMetadata Load (0.0ms)[0m  [1m[34mSELECT * FROM "ar_internal_metadata" WHERE "ar_internal_metadata"."key" = ? ORDER BY "ar_internal_metadata"."key" ASC LIMIT 1[0m  [[nil, "environment"]]
  [1m[36mActiveRecord::InternalMetadata Update (0.0ms)[0m  [1m[33mUPDATE "ar_internal_metadata" SET "value" = 'test', "updated_at" = '2024-10-12 19:12:07.893267' WHERE "ar_internal_metadata"."key" = 'environment'[0m
  [1m[36mActiveRecord::InternalMetadata Load (0.0ms)[0m  [1m[34mSELECT * FROM "ar_internal_metadata" WHERE "ar_internal_metadata"."key" = ? ORDER BY "ar_internal_metadata"."key" ASC LIMIT 1[0m  [[nil, "schema_sha1"]]
  [1m[36mActiveRecord::InternalMetadata Create (0.0ms)[0m  [1m[32mINSERT INTO "ar_internal_metadata" ("key", "value", "created_at", "updated_at") VALUES ('schema_sha1', '3992ace0b6826d089a4034ae3d3e1e502e7bb362', '2024-10-12 19:12:07.893763', '2024-10-12 19:12:07.893763') RETURNING "key"[0m
  [1m[36mActiveRecord::SchemaMigration Load (0.1ms)[0m  [1m[34mSELECT "schema_migrations"."version" FROM "schema_migrations" ORDER BY "schema_migrations"."version" ASC[0m
  [1m[36mActiveRecord::InternalMetadata Load (0.2ms)[0m  [1m[34mSELECT * FROM "ar_internal_metadata" WHERE "ar_internal_metadata"."key" = ? ORDER BY "ar_internal_metadata"."key" ASC LIMIT 1[0m  [[nil, "environment"]]
  [1m[36mActiveRecord::SchemaMigration Load (0.0ms)[0m  [1m[34mSELECT "schema_migrations"."version" FROM "schema_migrations" ORDER BY "schema_migrations"."version" ASC[0m
  [1m[36mActiveRecord::InternalMetadata Load (0.0ms)[0m  [1m[34mSELECT * FROM "ar_internal_metadata" WHERE "ar_internal_metadata"."key" = ? ORDER BY "ar_internal_metadata"."key" ASC LIMIT 1[0m  [[nil, "environment"]]
  [1m[36mActiveRecord::SchemaMigration Load (0.0ms)[0m  [1m[34mSELECT "schema_migrations"."version" FROM "schema_migrations" ORDER BY "schema_migrations"."version" ASC[0m
  [1m[36mActiveRecord::InternalMetadata Load (0.0ms)[0m  [1m[34mSELECT * FROM "ar_internal_metadata" WHERE "ar_internal_metadata"."key" = ? ORDER BY "ar_internal_metadata"."key" ASC LIMIT 1[0m  [[nil, "environment"]]
  [1m[35m (0.1ms)[0m  [1m[35mDROP TABLE IF EXISTS "users"[0m
  [1m[35m (0.7ms)[0m  [1m[35mCREATE TABLE "users" ("id" integer PRIMARY KEY AUTOINCREMENT NOT NULL, "email" varchar DEFAULT '' NOT NULL, "encrypted_password" varchar DEFAULT '' NOT NULL, "reset_password_token" varchar, "reset_password_sent_at" datetime(6), "remember_created_at" datetime(6), "created_at" datetime(6) NOT NULL, "updated_at" datetime(6) NOT NULL, "jti" varchar NOT NULL)[0m
  [1m[35m (0.1ms)[0m  [1m[35mCREATE UNIQUE INDEX "index_users_on_email" ON "users" ("email")[0m
  [1m[35m (0.0ms)[0m  [1m[35mCREATE UNIQUE INDEX "index_users_on_jti" ON "users" ("jti")[0m
  [1m[35m (0.0ms)[0m  [1m[35mCREATE UNIQUE INDEX "index_users_on_reset_password_token" ON "users" ("reset_password_token")[0m
  [1m[35m (0.1ms)[0m  [1m[35mCREATE TABLE "schema_migrations" ("version" varchar NOT NULL PRIMARY KEY)[0m
  [1m[36mActiveRecord::SchemaMigration Load (0.0ms)[0m  [1m[34mSELECT "schema_migrations"."version" FROM "schema_migrations" ORDER BY "schema_migrations"."version" ASC[0m
  [1m[35m (0.0ms)[0m  [1m[32mINSERT INTO "schema_migrations" (version) VALUES (20241010185858)[0m
  [1m[35m (0.0ms)[0m  [1m[32mINSERT INTO "schema_migrations" (version) VALUES
(20241010025956);[0m
  [1m[35m (0.0ms)[0m  [1m[35mCREATE TABLE "ar_internal_metadata" ("key" varchar NOT NULL PRIMARY KEY, "value" varchar, "created_at" datetime(6) NOT NULL, "updated_at" datetime(6) NOT NULL)[0m
  [1m[36mActiveRecord::InternalMetadata Load (0.0ms)[0m  [1m[34mSELECT * FROM "ar_internal_metadata" WHERE "ar_internal_metadata"."key" = ? ORDER BY "ar_internal_metadata"."key" ASC LIMIT 1[0m  [[nil, "environment"]]
  [1m[36mActiveRecord::InternalMetadata Create (0.0ms)[0m  [1m[32mINSERT INTO "ar_internal_metadata" ("key", "value", "created_at", "updated_at") VALUES ('environment', 'development', '2024-10-12 21:14:47.601949', '2024-10-12 21:14:47.601949') RETURNING "key"[0m
  [1m[36mActiveRecord::InternalMetadata Load (0.0ms)[0m  [1m[34mSELECT * FROM "ar_internal_metadata" WHERE "ar_internal_metadata"."key" = ? ORDER BY "ar_internal_metadata"."key" ASC LIMIT 1[0m  [[nil, "environment"]]
  [1m[36mActiveRecord::InternalMetadata Update (0.0ms)[0m  [1m[33mUPDATE "ar_internal_metadata" SET "value" = 'test', "updated_at" = '2024-10-12 21:14:47.602736' WHERE "ar_internal_metadata"."key" = 'environment'[0m
  [1m[36mActiveRecord::InternalMetadata Load (0.0ms)[0m  [1m[34mSELECT * FROM "ar_internal_metadata" WHERE "ar_internal_metadata"."key" = ? ORDER BY "ar_internal_metadata"."key" ASC LIMIT 1[0m  [[nil, "schema_sha1"]]
  [1m[36mActiveRecord::InternalMetadata Create (0.0ms)[0m  [1m[32mINSERT INTO "ar_internal_metadata" ("key", "value", "created_at", "updated_at") VALUES ('schema_sha1', '3992ace0b6826d089a4034ae3d3e1e502e7bb362', '2024-10-12 21:14:47.603198', '2024-10-12 21:14:47.603198') RETURNING "key"[0m
  [1m[36mActiveRecord::SchemaMigration Load (0.2ms)[0m  [1m[34mSELECT "schema_migrations"."version" FROM "schema_migrations" ORDER BY "schema_migrations"."version" ASC[0m
  [1m[36mActiveRecord::InternalMetadata Load (0.2ms)[0m  [1m[34mSELECT * FROM "ar_internal_metadata" WHERE "ar_internal_metadata"."key" = ? ORDER BY "ar_internal_metadata"."key" ASC LIMIT 1[0m  [[nil, "environment"]]
  [1m[36mActiveRecord::SchemaMigration Load (0.0ms)[0m  [1m[34mSELECT "schema_migrations"."version" FROM "schema_migrations" ORDER BY "schema_migrations"."version" ASC[0m
  [1m[36mActiveRecord::InternalMetadata Load (0.0ms)[0m  [1m[34mSELECT * FROM "ar_internal_metadata" WHERE "ar_internal_metadata"."key" = ? ORDER BY "ar_internal_metadata"."key" ASC LIMIT 1[0m  [[nil, "environment"]]
  [1m[36mActiveRecord::SchemaMigration Load (0.0ms)[0m  [1m[34mSELECT "schema_migrations"."version" FROM "schema_migrations" ORDER BY "schema_migrations"."version" ASC[0m
  [1m[36mActiveRecord::InternalMetadata Load (0.0ms)[0m  [1m[34mSELECT * FROM "ar_internal_metadata" WHERE "ar_internal_metadata"."key" = ? ORDER BY "ar_internal_metadata"."key" ASC LIMIT 1[0m  [[nil, "environment"]]
  [1m[35m (0.2ms)[0m  [1m[35mDROP TABLE IF EXISTS "users"[0m
  [1m[35m (0.2ms)[0m  [1m[35mCREATE TABLE "users" ("id" integer PRIMARY KEY AUTOINCREMENT NOT NULL, "email" varchar DEFAULT '' NOT NULL, "encrypted_password" varchar DEFAULT '' NOT NULL, "reset_password_token" varchar, "reset_password_sent_at" datetime(6), "remember_created_at" datetime(6), "created_at" datetime(6) NOT NULL, "updated_at" datetime(6) NOT NULL, "jti" varchar NOT NULL)[0m
  [1m[35m (0.1ms)[0m  [1m[35mCREATE UNIQUE INDEX "index_users_on_email" ON "users" ("email")[0m
  [1m[35m (0.0ms)[0m  [1m[35mCREATE UNIQUE INDEX "index_users_on_jti" ON "users" ("jti")[0m
  [1m[35m (0.0ms)[0m  [1m[35mCREATE UNIQUE INDEX "index_users_on_reset_password_token" ON "users" ("reset_password_token")[0m
  [1m[35m (0.1ms)[0m  [1m[35mCREATE TABLE "schema_migrations" ("version" varchar NOT NULL PRIMARY KEY)[0m
  [1m[36mActiveRecord::SchemaMigration Load (0.0ms)[0m  [1m[34mSELECT "schema_migrations"."version" FROM "schema_migrations" ORDER BY "schema_migrations"."version" ASC[0m
  [1m[35m (0.0ms)[0m  [1m[32mINSERT INTO "schema_migrations" (version) VALUES (20241010185858)[0m
  [1m[35m (0.0ms)[0m  [1m[32mINSERT INTO "schema_migrations" (version) VALUES
(20241010025956);[0m
  [1m[35m (0.1ms)[0m  [1m[35mCREATE TABLE "ar_internal_metadata" ("key" varchar NOT NULL PRIMARY KEY, "value" varchar, "created_at" datetime(6) NOT NULL, "updated_at" datetime(6) NOT NULL)[0m
  [1m[36mActiveRecord::InternalMetadata Load (0.0ms)[0m  [1m[34mSELECT * FROM "ar_internal_metadata" WHERE "ar_internal_metadata"."key" = ? ORDER BY "ar_internal_metadata"."key" ASC LIMIT 1[0m  [[nil, "environment"]]
  [1m[36mActiveRecord::InternalMetadata Create (0.1ms)[0m  [1m[32mINSERT INTO "ar_internal_metadata" ("key", "value", "created_at", "updated_at") VALUES ('environment', 'development', '2024-10-13 02:57:07.025165', '2024-10-13 02:57:07.025166') RETURNING "key"[0m
  [1m[36mActiveRecord::InternalMetadata Load (0.0ms)[0m  [1m[34mSELECT * FROM "ar_internal_metadata" WHERE "ar_internal_metadata"."key" = ? ORDER BY "ar_internal_metadata"."key" ASC LIMIT 1[0m  [[nil, "environment"]]
  [1m[36mActiveRecord::InternalMetadata Update (0.0ms)[0m  [1m[33mUPDATE "ar_internal_metadata" SET "value" = 'test', "updated_at" = '2024-10-13 02:57:07.026128' WHERE "ar_internal_metadata"."key" = 'environment'[0m
  [1m[36mActiveRecord::InternalMetadata Load (0.0ms)[0m  [1m[34mSELECT * FROM "ar_internal_metadata" WHERE "ar_internal_metadata"."key" = ? ORDER BY "ar_internal_metadata"."key" ASC LIMIT 1[0m  [[nil, "schema_sha1"]]
  [1m[36mActiveRecord::InternalMetadata Create (0.0ms)[0m  [1m[32mINSERT INTO "ar_internal_metadata" ("key", "value", "created_at", "updated_at") VALUES ('schema_sha1', '3992ace0b6826d089a4034ae3d3e1e502e7bb362', '2024-10-13 02:57:07.026635', '2024-10-13 02:57:07.026635') RETURNING "key"[0m
Started GET "/" for 127.0.0.1 at 2024-10-12 20:33:04 -0700
  [1m[36mActiveRecord::SchemaMigration Load (0.2ms)[0m  [1m[34mSELECT "schema_migrations"."version" FROM "schema_migrations" ORDER BY "schema_migrations"."version" ASC[0m
Processing by Rails::WelcomeController#index as HTML
  Rendering /Users/jash/.asdf/installs/ruby/3.3.4/lib/ruby/gems/3.3.0/gems/railties-7.2.1/lib/rails/templates/rails/welcome/index.html.erb
  Rendered /Users/jash/.asdf/installs/ruby/3.3.4/lib/ruby/gems/3.3.0/gems/railties-7.2.1/lib/rails/templates/rails/welcome/index.html.erb (Duration: 0.4ms | GC: 0.0ms)
Completed 200 OK in 8ms (Views: 2.5ms | ActiveRecord: 0.0ms (0 queries, 0 cached) | GC: 0.6ms)


Started GET "/icon.png" for 127.0.0.1 at 2024-10-12 20:33:05 -0700
  
ActionController::RoutingError (No route matches [GET] "/icon.png"):
  
Started GET "/icon.png" for 127.0.0.1 at 2024-10-12 20:33:05 -0700
  
ActionController::RoutingError (No route matches [GET] "/icon.png"):
  
  [1m[36mActiveRecord::SchemaMigration Load (0.1ms)[0m  [1m[34mSELECT "schema_migrations"."version" FROM "schema_migrations" ORDER BY "schema_migrations"."version" ASC[0m
  [1m[36mActiveRecord::InternalMetadata Load (0.2ms)[0m  [1m[34mSELECT * FROM "ar_internal_metadata" WHERE "ar_internal_metadata"."key" = ? ORDER BY "ar_internal_metadata"."key" ASC LIMIT 1[0m  [[nil, "environment"]]
  [1m[36mActiveRecord::SchemaMigration Load (0.0ms)[0m  [1m[34mSELECT "schema_migrations"."version" FROM "schema_migrations" ORDER BY "schema_migrations"."version" ASC[0m
  [1m[36mActiveRecord::InternalMetadata Load (0.0ms)[0m  [1m[34mSELECT * FROM "ar_internal_metadata" WHERE "ar_internal_metadata"."key" = ? ORDER BY "ar_internal_metadata"."key" ASC LIMIT 1[0m  [[nil, "environment"]]
  [1m[36mActiveRecord::SchemaMigration Load (0.0ms)[0m  [1m[34mSELECT "schema_migrations"."version" FROM "schema_migrations" ORDER BY "schema_migrations"."version" ASC[0m
  [1m[36mActiveRecord::InternalMetadata Load (0.0ms)[0m  [1m[34mSELECT * FROM "ar_internal_metadata" WHERE "ar_internal_metadata"."key" = ? ORDER BY "ar_internal_metadata"."key" ASC LIMIT 1[0m  [[nil, "environment"]]
  [1m[35m (0.2ms)[0m  [1m[35mDROP TABLE IF EXISTS "users"[0m
  [1m[35m (0.7ms)[0m  [1m[35mCREATE TABLE "users" ("id" integer PRIMARY KEY AUTOINCREMENT NOT NULL, "email" varchar DEFAULT '' NOT NULL, "encrypted_password" varchar DEFAULT '' NOT NULL, "reset_password_token" varchar, "reset_password_sent_at" datetime(6), "remember_created_at" datetime(6), "created_at" datetime(6) NOT NULL, "updated_at" datetime(6) NOT NULL, "jti" varchar NOT NULL)[0m
  [1m[35m (0.1ms)[0m  [1m[35mCREATE UNIQUE INDEX "index_users_on_email" ON "users" ("email")[0m
  [1m[35m (1.6ms)[0m  [1m[35mCREATE UNIQUE INDEX "index_users_on_jti" ON "users" ("jti")[0m
  [1m[35m (0.0ms)[0m  [1m[35mCREATE UNIQUE INDEX "index_users_on_reset_password_token" ON "users" ("reset_password_token")[0m
  [1m[35m (0.1ms)[0m  [1m[35mCREATE TABLE "schema_migrations" ("version" varchar NOT NULL PRIMARY KEY)[0m
  [1m[36mActiveRecord::SchemaMigration Load (0.0ms)[0m  [1m[34mSELECT "schema_migrations"."version" FROM "schema_migrations" ORDER BY "schema_migrations"."version" ASC[0m
  [1m[35m (0.1ms)[0m  [1m[32mINSERT INTO "schema_migrations" (version) VALUES (20241010185858)[0m
  [1m[35m (0.0ms)[0m  [1m[32mINSERT INTO "schema_migrations" (version) VALUES
(20241010025956);[0m
  [1m[35m (0.1ms)[0m  [1m[35mCREATE TABLE "ar_internal_metadata" ("key" varchar NOT NULL PRIMARY KEY, "value" varchar, "created_at" datetime(6) NOT NULL, "updated_at" datetime(6) NOT NULL)[0m
  [1m[36mActiveRecord::InternalMetadata Load (0.0ms)[0m  [1m[34mSELECT * FROM "ar_internal_metadata" WHERE "ar_internal_metadata"."key" = ? ORDER BY "ar_internal_metadata"."key" ASC LIMIT 1[0m  [[nil, "environment"]]
  [1m[36mActiveRecord::InternalMetadata Create (0.9ms)[0m  [1m[32mINSERT INTO "ar_internal_metadata" ("key", "value", "created_at", "updated_at") VALUES ('environment', 'development', '2024-10-13 03:35:19.251089', '2024-10-13 03:35:19.251089') RETURNING "key"[0m
  [1m[36mActiveRecord::InternalMetadata Load (0.0ms)[0m  [1m[34mSELECT * FROM "ar_internal_metadata" WHERE "ar_internal_metadata"."key" = ? ORDER BY "ar_internal_metadata"."key" ASC LIMIT 1[0m  [[nil, "environment"]]
  [1m[36mActiveRecord::InternalMetadata Update (0.0ms)[0m  [1m[33mUPDATE "ar_internal_metadata" SET "value" = 'test', "updated_at" = '2024-10-13 03:35:19.253742' WHERE "ar_internal_metadata"."key" = 'environment'[0m
  [1m[36mActiveRecord::InternalMetadata Load (0.0ms)[0m  [1m[34mSELECT * FROM "ar_internal_metadata" WHERE "ar_internal_metadata"."key" = ? ORDER BY "ar_internal_metadata"."key" ASC LIMIT 1[0m  [[nil, "schema_sha1"]]
  [1m[36mActiveRecord::InternalMetadata Create (0.0ms)[0m  [1m[32mINSERT INTO "ar_internal_metadata" ("key", "value", "created_at", "updated_at") VALUES ('schema_sha1', '3992ace0b6826d089a4034ae3d3e1e502e7bb362', '2024-10-13 03:35:19.254272', '2024-10-13 03:35:19.254273') RETURNING "key"[0m
  [1m[36mActiveRecord::SchemaMigration Load (0.1ms)[0m  [1m[34mSELECT "schema_migrations"."version" FROM "schema_migrations" ORDER BY "schema_migrations"."version" ASC[0m
  [1m[36mActiveRecord::InternalMetadata Load (0.0ms)[0m  [1m[34mSELECT * FROM "ar_internal_metadata" WHERE "ar_internal_metadata"."key" = ? ORDER BY "ar_internal_metadata"."key" ASC LIMIT 1[0m  [[nil, "environment"]]
  [1m[36mActiveRecord::SchemaMigration Load (0.0ms)[0m  [1m[34mSELECT "schema_migrations"."version" FROM "schema_migrations" ORDER BY "schema_migrations"."version" ASC[0m
  [1m[36mActiveRecord::InternalMetadata Load (0.0ms)[0m  [1m[34mSELECT * FROM "ar_internal_metadata" WHERE "ar_internal_metadata"."key" = ? ORDER BY "ar_internal_metadata"."key" ASC LIMIT 1[0m  [[nil, "environment"]]
  [1m[36mActiveRecord::SchemaMigration Load (0.0ms)[0m  [1m[34mSELECT "schema_migrations"."version" FROM "schema_migrations" ORDER BY "schema_migrations"."version" ASC[0m
  [1m[36mActiveRecord::InternalMetadata Load (0.0ms)[0m  [1m[34mSELECT * FROM "ar_internal_metadata" WHERE "ar_internal_metadata"."key" = ? ORDER BY "ar_internal_metadata"."key" ASC LIMIT 1[0m  [[nil, "environment"]]
  [1m[35m (0.2ms)[0m  [1m[35mDROP TABLE IF EXISTS "users"[0m
  [1m[35m (0.2ms)[0m  [1m[35mCREATE TABLE "users" ("id" integer PRIMARY KEY AUTOINCREMENT NOT NULL, "email" varchar DEFAULT '' NOT NULL, "encrypted_password" varchar DEFAULT '' NOT NULL, "reset_password_token" varchar, "reset_password_sent_at" datetime(6), "remember_created_at" datetime(6), "created_at" datetime(6) NOT NULL, "updated_at" datetime(6) NOT NULL, "jti" varchar NOT NULL)[0m
  [1m[35m (0.1ms)[0m  [1m[35mCREATE UNIQUE INDEX "index_users_on_email" ON "users" ("email")[0m
  [1m[35m (0.0ms)[0m  [1m[35mCREATE UNIQUE INDEX "index_users_on_jti" ON "users" ("jti")[0m
  [1m[35m (0.0ms)[0m  [1m[35mCREATE UNIQUE INDEX "index_users_on_reset_password_token" ON "users" ("reset_password_token")[0m
  [1m[35m (0.1ms)[0m  [1m[35mCREATE TABLE "schema_migrations" ("version" varchar NOT NULL PRIMARY KEY)[0m
  [1m[36mActiveRecord::SchemaMigration Load (0.0ms)[0m  [1m[34mSELECT "schema_migrations"."version" FROM "schema_migrations" ORDER BY "schema_migrations"."version" ASC[0m
  [1m[35m (0.0ms)[0m  [1m[32mINSERT INTO "schema_migrations" (version) VALUES (20241010185858)[0m
  [1m[35m (0.0ms)[0m  [1m[32mINSERT INTO "schema_migrations" (version) VALUES
(20241010025956);[0m
  [1m[35m (0.1ms)[0m  [1m[35mCREATE TABLE "ar_internal_metadata" ("key" varchar NOT NULL PRIMARY KEY, "value" varchar, "created_at" datetime(6) NOT NULL, "updated_at" datetime(6) NOT NULL)[0m
  [1m[36mActiveRecord::InternalMetadata Load (0.0ms)[0m  [1m[34mSELECT * FROM "ar_internal_metadata" WHERE "ar_internal_metadata"."key" = ? ORDER BY "ar_internal_metadata"."key" ASC LIMIT 1[0m  [[nil, "environment"]]
  [1m[36mActiveRecord::InternalMetadata Create (0.0ms)[0m  [1m[32mINSERT INTO "ar_internal_metadata" ("key", "value", "created_at", "updated_at") VALUES ('environment', 'development', '2024-10-13 03:35:59.336448', '2024-10-13 03:35:59.336449') RETURNING "key"[0m
  [1m[36mActiveRecord::InternalMetadata Load (0.0ms)[0m  [1m[34mSELECT * FROM "ar_internal_metadata" WHERE "ar_internal_metadata"."key" = ? ORDER BY "ar_internal_metadata"."key" ASC LIMIT 1[0m  [[nil, "environment"]]
  [1m[36mActiveRecord::InternalMetadata Update (0.0ms)[0m  [1m[33mUPDATE "ar_internal_metadata" SET "value" = 'test', "updated_at" = '2024-10-13 03:35:59.337084' WHERE "ar_internal_metadata"."key" = 'environment'[0m
  [1m[36mActiveRecord::InternalMetadata Load (0.0ms)[0m  [1m[34mSELECT * FROM "ar_internal_metadata" WHERE "ar_internal_metadata"."key" = ? ORDER BY "ar_internal_metadata"."key" ASC LIMIT 1[0m  [[nil, "schema_sha1"]]
  [1m[36mActiveRecord::InternalMetadata Create (0.0ms)[0m  [1m[32mINSERT INTO "ar_internal_metadata" ("key", "value", "created_at", "updated_at") VALUES ('schema_sha1', '3992ace0b6826d089a4034ae3d3e1e502e7bb362', '2024-10-13 03:35:59.337578', '2024-10-13 03:35:59.337578') RETURNING "key"[0m
  [1m[36mActiveRecord::SchemaMigration Load (0.1ms)[0m  [1m[34mSELECT "schema_migrations"."version" FROM "schema_migrations" ORDER BY "schema_migrations"."version" ASC[0m
  [1m[36mActiveRecord::InternalMetadata Load (0.0ms)[0m  [1m[34mSELECT * FROM "ar_internal_metadata" WHERE "ar_internal_metadata"."key" = ? ORDER BY "ar_internal_metadata"."key" ASC LIMIT 1[0m  [[nil, "environment"]]
  [1m[36mActiveRecord::SchemaMigration Load (0.0ms)[0m  [1m[34mSELECT "schema_migrations"."version" FROM "schema_migrations" ORDER BY "schema_migrations"."version" ASC[0m
  [1m[36mActiveRecord::InternalMetadata Load (0.0ms)[0m  [1m[34mSELECT * FROM "ar_internal_metadata" WHERE "ar_internal_metadata"."key" = ? ORDER BY "ar_internal_metadata"."key" ASC LIMIT 1[0m  [[nil, "environment"]]
  [1m[36mActiveRecord::SchemaMigration Load (0.0ms)[0m  [1m[34mSELECT "schema_migrations"."version" FROM "schema_migrations" ORDER BY "schema_migrations"."version" ASC[0m
  [1m[36mActiveRecord::InternalMetadata Load (0.0ms)[0m  [1m[34mSELECT * FROM "ar_internal_metadata" WHERE "ar_internal_metadata"."key" = ? ORDER BY "ar_internal_metadata"."key" ASC LIMIT 1[0m  [[nil, "environment"]]
  [1m[35m (0.2ms)[0m  [1m[35mDROP TABLE IF EXISTS "users"[0m
  [1m[35m (0.2ms)[0m  [1m[35mCREATE TABLE "users" ("id" integer PRIMARY KEY AUTOINCREMENT NOT NULL, "email" varchar DEFAULT '' NOT NULL, "encrypted_password" varchar DEFAULT '' NOT NULL, "reset_password_token" varchar, "reset_password_sent_at" datetime(6), "remember_created_at" datetime(6), "created_at" datetime(6) NOT NULL, "updated_at" datetime(6) NOT NULL, "jti" varchar NOT NULL)[0m
  [1m[35m (0.1ms)[0m  [1m[35mCREATE UNIQUE INDEX "index_users_on_email" ON "users" ("email")[0m
  [1m[35m (0.0ms)[0m  [1m[35mCREATE UNIQUE INDEX "index_users_on_jti" ON "users" ("jti")[0m
  [1m[35m (0.0ms)[0m  [1m[35mCREATE UNIQUE INDEX "index_users_on_reset_password_token" ON "users" ("reset_password_token")[0m
  [1m[35m (0.1ms)[0m  [1m[35mCREATE TABLE "schema_migrations" ("version" varchar NOT NULL PRIMARY KEY)[0m
  [1m[36mActiveRecord::SchemaMigration Load (0.0ms)[0m  [1m[34mSELECT "schema_migrations"."version" FROM "schema_migrations" ORDER BY "schema_migrations"."version" ASC[0m
  [1m[35m (0.0ms)[0m  [1m[32mINSERT INTO "schema_migrations" (version) VALUES (20241010185858)[0m
  [1m[35m (0.0ms)[0m  [1m[32mINSERT INTO "schema_migrations" (version) VALUES
(20241010025956);[0m
  [1m[35m (0.1ms)[0m  [1m[35mCREATE TABLE "ar_internal_metadata" ("key" varchar NOT NULL PRIMARY KEY, "value" varchar, "created_at" datetime(6) NOT NULL, "updated_at" datetime(6) NOT NULL)[0m
  [1m[36mActiveRecord::InternalMetadata Load (0.0ms)[0m  [1m[34mSELECT * FROM "ar_internal_metadata" WHERE "ar_internal_metadata"."key" = ? ORDER BY "ar_internal_metadata"."key" ASC LIMIT 1[0m  [[nil, "environment"]]
  [1m[36mActiveRecord::InternalMetadata Create (0.0ms)[0m  [1m[32mINSERT INTO "ar_internal_metadata" ("key", "value", "created_at", "updated_at") VALUES ('environment', 'development', '2024-10-13 03:36:36.522896', '2024-10-13 03:36:36.522897') RETURNING "key"[0m
  [1m[36mActiveRecord::InternalMetadata Load (0.0ms)[0m  [1m[34mSELECT * FROM "ar_internal_metadata" WHERE "ar_internal_metadata"."key" = ? ORDER BY "ar_internal_metadata"."key" ASC LIMIT 1[0m  [[nil, "environment"]]
  [1m[36mActiveRecord::InternalMetadata Update (0.0ms)[0m  [1m[33mUPDATE "ar_internal_metadata" SET "value" = 'test', "updated_at" = '2024-10-13 03:36:36.523543' WHERE "ar_internal_metadata"."key" = 'environment'[0m
  [1m[36mActiveRecord::InternalMetadata Load (0.0ms)[0m  [1m[34mSELECT * FROM "ar_internal_metadata" WHERE "ar_internal_metadata"."key" = ? ORDER BY "ar_internal_metadata"."key" ASC LIMIT 1[0m  [[nil, "schema_sha1"]]
  [1m[36mActiveRecord::InternalMetadata Create (0.0ms)[0m  [1m[32mINSERT INTO "ar_internal_metadata" ("key", "value", "created_at", "updated_at") VALUES ('schema_sha1', '3992ace0b6826d089a4034ae3d3e1e502e7bb362', '2024-10-13 03:36:36.524027', '2024-10-13 03:36:36.524027') RETURNING "key"[0m
  [1m[36mActiveRecord::SchemaMigration Load (0.1ms)[0m  [1m[34mSELECT "schema_migrations"."version" FROM "schema_migrations" ORDER BY "schema_migrations"."version" ASC[0m
  [1m[36mActiveRecord::InternalMetadata Load (0.2ms)[0m  [1m[34mSELECT * FROM "ar_internal_metadata" WHERE "ar_internal_metadata"."key" = ? ORDER BY "ar_internal_metadata"."key" ASC LIMIT 1[0m  [[nil, "environment"]]
  [1m[36mActiveRecord::SchemaMigration Load (0.0ms)[0m  [1m[34mSELECT "schema_migrations"."version" FROM "schema_migrations" ORDER BY "schema_migrations"."version" ASC[0m
  [1m[36mActiveRecord::InternalMetadata Load (0.0ms)[0m  [1m[34mSELECT * FROM "ar_internal_metadata" WHERE "ar_internal_metadata"."key" = ? ORDER BY "ar_internal_metadata"."key" ASC LIMIT 1[0m  [[nil, "environment"]]
  [1m[36mActiveRecord::SchemaMigration Load (0.0ms)[0m  [1m[34mSELECT "schema_migrations"."version" FROM "schema_migrations" ORDER BY "schema_migrations"."version" ASC[0m
  [1m[36mActiveRecord::InternalMetadata Load (0.0ms)[0m  [1m[34mSELECT * FROM "ar_internal_metadata" WHERE "ar_internal_metadata"."key" = ? ORDER BY "ar_internal_metadata"."key" ASC LIMIT 1[0m  [[nil, "environment"]]
  [1m[35m (0.2ms)[0m  [1m[35mDROP TABLE IF EXISTS "users"[0m
  [1m[35m (0.8ms)[0m  [1m[35mCREATE TABLE "users" ("id" integer PRIMARY KEY AUTOINCREMENT NOT NULL, "email" varchar DEFAULT '' NOT NULL, "encrypted_password" varchar DEFAULT '' NOT NULL, "reset_password_token" varchar, "reset_password_sent_at" datetime(6), "remember_created_at" datetime(6), "created_at" datetime(6) NOT NULL, "updated_at" datetime(6) NOT NULL, "jti" varchar NOT NULL)[0m
  [1m[35m (0.1ms)[0m  [1m[35mCREATE UNIQUE INDEX "index_users_on_email" ON "users" ("email")[0m
  [1m[35m (0.0ms)[0m  [1m[35mCREATE UNIQUE INDEX "index_users_on_jti" ON "users" ("jti")[0m
  [1m[35m (0.0ms)[0m  [1m[35mCREATE UNIQUE INDEX "index_users_on_reset_password_token" ON "users" ("reset_password_token")[0m
  [1m[35m (0.1ms)[0m  [1m[35mCREATE TABLE "schema_migrations" ("version" varchar NOT NULL PRIMARY KEY)[0m
  [1m[36mActiveRecord::SchemaMigration Load (0.0ms)[0m  [1m[34mSELECT "schema_migrations"."version" FROM "schema_migrations" ORDER BY "schema_migrations"."version" ASC[0m
  [1m[35m (0.0ms)[0m  [1m[32mINSERT INTO "schema_migrations" (version) VALUES (20241010185858)[0m
  [1m[35m (0.0ms)[0m  [1m[32mINSERT INTO "schema_migrations" (version) VALUES
(20241010025956);[0m
  [1m[35m (0.1ms)[0m  [1m[35mCREATE TABLE "ar_internal_metadata" ("key" varchar NOT NULL PRIMARY KEY, "value" varchar, "created_at" datetime(6) NOT NULL, "updated_at" datetime(6) NOT NULL)[0m
  [1m[36mActiveRecord::InternalMetadata Load (0.0ms)[0m  [1m[34mSELECT * FROM "ar_internal_metadata" WHERE "ar_internal_metadata"."key" = ? ORDER BY "ar_internal_metadata"."key" ASC LIMIT 1[0m  [[nil, "environment"]]
  [1m[36mActiveRecord::InternalMetadata Create (0.0ms)[0m  [1m[32mINSERT INTO "ar_internal_metadata" ("key", "value", "created_at", "updated_at") VALUES ('environment', 'development', '2024-10-13 03:42:46.142597', '2024-10-13 03:42:46.142598') RETURNING "key"[0m
  [1m[36mActiveRecord::InternalMetadata Load (0.0ms)[0m  [1m[34mSELECT * FROM "ar_internal_metadata" WHERE "ar_internal_metadata"."key" = ? ORDER BY "ar_internal_metadata"."key" ASC LIMIT 1[0m  [[nil, "environment"]]
  [1m[36mActiveRecord::InternalMetadata Update (0.0ms)[0m  [1m[33mUPDATE "ar_internal_metadata" SET "value" = 'test', "updated_at" = '2024-10-13 03:42:46.143544' WHERE "ar_internal_metadata"."key" = 'environment'[0m
  [1m[36mActiveRecord::InternalMetadata Load (0.0ms)[0m  [1m[34mSELECT * FROM "ar_internal_metadata" WHERE "ar_internal_metadata"."key" = ? ORDER BY "ar_internal_metadata"."key" ASC LIMIT 1[0m  [[nil, "schema_sha1"]]
  [1m[36mActiveRecord::InternalMetadata Create (0.0ms)[0m  [1m[32mINSERT INTO "ar_internal_metadata" ("key", "value", "created_at", "updated_at") VALUES ('schema_sha1', '3992ace0b6826d089a4034ae3d3e1e502e7bb362', '2024-10-13 03:42:46.144063', '2024-10-13 03:42:46.144063') RETURNING "key"[0m
  [1m[36mActiveRecord::SchemaMigration Load (0.2ms)[0m  [1m[34mSELECT "schema_migrations"."version" FROM "schema_migrations" ORDER BY "schema_migrations"."version" ASC[0m
  [1m[36mActiveRecord::InternalMetadata Load (0.2ms)[0m  [1m[34mSELECT * FROM "ar_internal_metadata" WHERE "ar_internal_metadata"."key" = ? ORDER BY "ar_internal_metadata"."key" ASC LIMIT 1[0m  [[nil, "environment"]]
  [1m[36mActiveRecord::SchemaMigration Load (0.0ms)[0m  [1m[34mSELECT "schema_migrations"."version" FROM "schema_migrations" ORDER BY "schema_migrations"."version" ASC[0m
  [1m[36mActiveRecord::InternalMetadata Load (0.0ms)[0m  [1m[34mSELECT * FROM "ar_internal_metadata" WHERE "ar_internal_metadata"."key" = ? ORDER BY "ar_internal_metadata"."key" ASC LIMIT 1[0m  [[nil, "environment"]]
  [1m[36mActiveRecord::SchemaMigration Load (0.0ms)[0m  [1m[34mSELECT "schema_migrations"."version" FROM "schema_migrations" ORDER BY "schema_migrations"."version" ASC[0m
  [1m[36mActiveRecord::InternalMetadata Load (0.0ms)[0m  [1m[34mSELECT * FROM "ar_internal_metadata" WHERE "ar_internal_metadata"."key" = ? ORDER BY "ar_internal_metadata"."key" ASC LIMIT 1[0m  [[nil, "environment"]]
  [1m[35m (0.2ms)[0m  [1m[35mDROP TABLE IF EXISTS "users"[0m
  [1m[35m (0.9ms)[0m  [1m[35mCREATE TABLE "users" ("id" integer PRIMARY KEY AUTOINCREMENT NOT NULL, "email" varchar DEFAULT '' NOT NULL, "encrypted_password" varchar DEFAULT '' NOT NULL, "reset_password_token" varchar, "reset_password_sent_at" datetime(6), "remember_created_at" datetime(6), "created_at" datetime(6) NOT NULL, "updated_at" datetime(6) NOT NULL, "jti" varchar NOT NULL)[0m
  [1m[35m (0.1ms)[0m  [1m[35mCREATE UNIQUE INDEX "index_users_on_email" ON "users" ("email")[0m
  [1m[35m (0.0ms)[0m  [1m[35mCREATE UNIQUE INDEX "index_users_on_jti" ON "users" ("jti")[0m
  [1m[35m (0.1ms)[0m  [1m[35mCREATE UNIQUE INDEX "index_users_on_reset_password_token" ON "users" ("reset_password_token")[0m
  [1m[35m (0.1ms)[0m  [1m[35mCREATE TABLE "schema_migrations" ("version" varchar NOT NULL PRIMARY KEY)[0m
  [1m[36mActiveRecord::SchemaMigration Load (0.0ms)[0m  [1m[34mSELECT "schema_migrations"."version" FROM "schema_migrations" ORDER BY "schema_migrations"."version" ASC[0m
  [1m[35m (0.0ms)[0m  [1m[32mINSERT INTO "schema_migrations" (version) VALUES (20241010185858)[0m
  [1m[35m (0.0ms)[0m  [1m[32mINSERT INTO "schema_migrations" (version) VALUES
(20241010025956);[0m
  [1m[35m (0.1ms)[0m  [1m[35mCREATE TABLE "ar_internal_metadata" ("key" varchar NOT NULL PRIMARY KEY, "value" varchar, "created_at" datetime(6) NOT NULL, "updated_at" datetime(6) NOT NULL)[0m
  [1m[36mActiveRecord::InternalMetadata Load (0.0ms)[0m  [1m[34mSELECT * FROM "ar_internal_metadata" WHERE "ar_internal_metadata"."key" = ? ORDER BY "ar_internal_metadata"."key" ASC LIMIT 1[0m  [[nil, "environment"]]
  [1m[36mActiveRecord::InternalMetadata Create (0.1ms)[0m  [1m[32mINSERT INTO "ar_internal_metadata" ("key", "value", "created_at", "updated_at") VALUES ('environment', 'development', '2024-10-13 03:43:23.117738', '2024-10-13 03:43:23.117739') RETURNING "key"[0m
  [1m[36mActiveRecord::InternalMetadata Load (0.0ms)[0m  [1m[34mSELECT * FROM "ar_internal_metadata" WHERE "ar_internal_metadata"."key" = ? ORDER BY "ar_internal_metadata"."key" ASC LIMIT 1[0m  [[nil, "environment"]]
  [1m[36mActiveRecord::InternalMetadata Update (0.0ms)[0m  [1m[33mUPDATE "ar_internal_metadata" SET "value" = 'test', "updated_at" = '2024-10-13 03:43:23.118905' WHERE "ar_internal_metadata"."key" = 'environment'[0m
  [1m[36mActiveRecord::InternalMetadata Load (0.0ms)[0m  [1m[34mSELECT * FROM "ar_internal_metadata" WHERE "ar_internal_metadata"."key" = ? ORDER BY "ar_internal_metadata"."key" ASC LIMIT 1[0m  [[nil, "schema_sha1"]]
  [1m[36mActiveRecord::InternalMetadata Create (0.0ms)[0m  [1m[32mINSERT INTO "ar_internal_metadata" ("key", "value", "created_at", "updated_at") VALUES ('schema_sha1', '3992ace0b6826d089a4034ae3d3e1e502e7bb362', '2024-10-13 03:43:23.119455', '2024-10-13 03:43:23.119456') RETURNING "key"[0m
Started GET "/" for 127.0.0.1 at 2024-10-14 20:59:37 -0700
  [1m[36mActiveRecord::SchemaMigration Load (0.1ms)[0m  [1m[34mSELECT "schema_migrations"."version" FROM "schema_migrations" ORDER BY "schema_migrations"."version" ASC[0m
Processing by Rails::WelcomeController#index as HTML
  Rendering /Users/jash/.asdf/installs/ruby/3.3.4/lib/ruby/gems/3.3.0/gems/railties-7.2.1/lib/rails/templates/rails/welcome/index.html.erb
  Rendered /Users/jash/.asdf/installs/ruby/3.3.4/lib/ruby/gems/3.3.0/gems/railties-7.2.1/lib/rails/templates/rails/welcome/index.html.erb (Duration: 0.3ms | GC: 0.0ms)
Completed 200 OK in 14ms (Views: 1.9ms | ActiveRecord: 0.0ms (0 queries, 0 cached) | GC: 7.7ms)


Started GET "/icon.png" for 127.0.0.1 at 2024-10-14 20:59:37 -0700
  
ActionController::RoutingError (No route matches [GET] "/icon.png"):
  
Started GET "/icon.png" for 127.0.0.1 at 2024-10-14 20:59:37 -0700
  
ActionController::RoutingError (No route matches [GET] "/icon.png"):
  
Started POST "/users" for ::1 at 2024-10-14 21:55:52 -0700
Processing by Users::RegistrationsController#create as */*
  Parameters: {"user"=>{"email"=>"[FILTERED]", "password"=>"[FILTERED]"}, "registration"=>{"user"=>{"email"=>"[FILTERED]", "password"=>"[FILTERED]"}}}
  [1m[36mTRANSACTION (0.0ms)[0m  [1m[36mbegin transaction[0m
  [1m[36mUser Exists? (1.0ms)[0m  [1m[34mSELECT 1 AS one FROM "users" WHERE "users"."email" = ? LIMIT ?[0m  [["email", "[FILTERED]"], ["LIMIT", 1]]
  [1m[36mTRANSACTION (0.0ms)[0m  [1m[31mrollback transaction[0m
Completed 500 Internal Server Error in 424ms (ActiveRecord: 6.4ms (1 query, 0 cached) | GC: 0.3ms)


  
NoMethodError (undefined method `jti=' for an instance of User):
  
activemodel (7.2.1) lib/active_model/attribute_methods.rb:507:in `method_missing'
activerecord (7.2.1) lib/active_record/attribute_methods.rb:491:in `method_missing'
devise-jwt (0.12.1) lib/devise/jwt/revocation_strategies/jti_matcher.rb:46:in `initialize_jti'
activesupport (7.2.1) lib/active_support/callbacks.rb:362:in `block in make_lambda'
activesupport (7.2.1) lib/active_support/callbacks.rb:179:in `block in call'
activesupport (7.2.1) lib/active_support/callbacks.rb:668:in `block (2 levels) in default_terminator'
activesupport (7.2.1) lib/active_support/callbacks.rb:667:in `catch'
activesupport (7.2.1) lib/active_support/callbacks.rb:667:in `block in default_terminator'
activesupport (7.2.1) lib/active_support/callbacks.rb:180:in `call'
activesupport (7.2.1) lib/active_support/callbacks.rb:559:in `block in invoke_before'
activesupport (7.2.1) lib/active_support/callbacks.rb:559:in `each'
activesupport (7.2.1) lib/active_support/callbacks.rb:559:in `invoke_before'
activesupport (7.2.1) lib/active_support/callbacks.rb:109:in `run_callbacks'
activesupport (7.2.1) lib/active_support/callbacks.rb:913:in `_run_create_callbacks'
activerecord (7.2.1) lib/active_record/callbacks.rb:445:in `_create_record'
activerecord (7.2.1) lib/active_record/timestamp.rb:116:in `_create_record'
activerecord (7.2.1) lib/active_record/persistence.rb:896:in `create_or_update'
activerecord (7.2.1) lib/active_record/callbacks.rb:441:in `block in create_or_update'
activesupport (7.2.1) lib/active_support/callbacks.rb:101:in `run_callbacks'
activesupport (7.2.1) lib/active_support/callbacks.rb:913:in `_run_save_callbacks'
activerecord (7.2.1) lib/active_record/callbacks.rb:441:in `create_or_update'
activerecord (7.2.1) lib/active_record/timestamp.rb:127:in `create_or_update'
activerecord (7.2.1) lib/active_record/persistence.rb:393:in `save'
activerecord (7.2.1) lib/active_record/validations.rb:48:in `save'
activerecord (7.2.1) lib/active_record/transactions.rb:362:in `block in save'
activerecord (7.2.1) lib/active_record/transactions.rb:418:in `block (2 levels) in with_transaction_returning_status'
activerecord (7.2.1) lib/active_record/connection_adapters/abstract/transaction.rb:616:in `block in within_new_transaction'
activesupport (7.2.1) lib/active_support/concurrency/null_lock.rb:9:in `synchronize'
activerecord (7.2.1) lib/active_record/connection_adapters/abstract/transaction.rb:613:in `within_new_transaction'
activerecord (7.2.1) lib/active_record/connection_adapters/abstract/database_statements.rb:361:in `transaction'
activerecord (7.2.1) lib/active_record/transactions.rb:414:in `block in with_transaction_returning_status'
activerecord (7.2.1) lib/active_record/connection_adapters/abstract/connection_pool.rb:395:in `with_connection'
activerecord (7.2.1) lib/active_record/connection_handling.rb:296:in `with_connection'
activerecord (7.2.1) lib/active_record/transactions.rb:410:in `with_transaction_returning_status'
activerecord (7.2.1) lib/active_record/transactions.rb:362:in `save'
activerecord (7.2.1) lib/active_record/suppressor.rb:52:in `save'
devise (4.9.4) app/controllers/devise/registrations_controller.rb:19:in `create'
actionpack (7.2.1) lib/action_controller/metal/basic_implicit_render.rb:8:in `send_action'
actionpack (7.2.1) lib/abstract_controller/base.rb:226:in `process_action'
actionpack (7.2.1) lib/action_controller/metal/rendering.rb:193:in `process_action'
actionpack (7.2.1) lib/abstract_controller/callbacks.rb:261:in `block in process_action'
activesupport (7.2.1) lib/active_support/callbacks.rb:110:in `run_callbacks'
actionpack (7.2.1) lib/abstract_controller/callbacks.rb:260:in `process_action'
actionpack (7.2.1) lib/action_controller/metal/rescue.rb:27:in `process_action'
actionpack (7.2.1) lib/action_controller/metal/instrumentation.rb:77:in `block in process_action'
activesupport (7.2.1) lib/active_support/notifications.rb:210:in `block in instrument'
activesupport (7.2.1) lib/active_support/notifications/instrumenter.rb:58:in `instrument'
activesupport (7.2.1) lib/active_support/notifications.rb:210:in `instrument'
actionpack (7.2.1) lib/action_controller/metal/instrumentation.rb:76:in `process_action'
actionpack (7.2.1) lib/action_controller/metal/params_wrapper.rb:259:in `process_action'
activerecord (7.2.1) lib/active_record/railties/controller_runtime.rb:39:in `process_action'
actionpack (7.2.1) lib/abstract_controller/base.rb:163:in `process'
actionpack (7.2.1) lib/action_controller/metal.rb:252:in `dispatch'
actionpack (7.2.1) lib/action_controller/metal.rb:335:in `dispatch'
actionpack (7.2.1) lib/action_dispatch/routing/route_set.rb:67:in `dispatch'
actionpack (7.2.1) lib/action_dispatch/routing/route_set.rb:50:in `serve'
actionpack (7.2.1) lib/action_dispatch/routing/mapper.rb:32:in `block in <class:Constraints>'
actionpack (7.2.1) lib/action_dispatch/routing/mapper.rb:62:in `serve'
actionpack (7.2.1) lib/action_dispatch/journey/router.rb:53:in `block in serve'
actionpack (7.2.1) lib/action_dispatch/journey/router.rb:133:in `block in find_routes'
actionpack (7.2.1) lib/action_dispatch/journey/router.rb:126:in `each'
actionpack (7.2.1) lib/action_dispatch/journey/router.rb:126:in `find_routes'
actionpack (7.2.1) lib/action_dispatch/journey/router.rb:34:in `serve'
actionpack (7.2.1) lib/action_dispatch/routing/route_set.rb:896:in `call'
warden-jwt_auth (0.10.0) lib/warden/jwt_auth/middleware/token_dispatcher.rb:20:in `call'
warden-jwt_auth (0.10.0) lib/warden/jwt_auth/middleware/revocation_manager.rb:21:in `call'
rack (3.1.7) lib/rack/builder.rb:277:in `call'
warden-jwt_auth (0.10.0) lib/warden/jwt_auth/middleware.rb:22:in `call'
warden (1.2.9) lib/warden/manager.rb:36:in `block in call'
warden (1.2.9) lib/warden/manager.rb:34:in `catch'
warden (1.2.9) lib/warden/manager.rb:34:in `call'
rack (3.1.7) lib/rack/etag.rb:29:in `call'
rack (3.1.7) lib/rack/conditional_get.rb:43:in `call'
rack (3.1.7) lib/rack/head.rb:15:in `call'
activerecord (7.2.1) lib/active_record/migration.rb:674:in `call'
actionpack (7.2.1) lib/action_dispatch/middleware/callbacks.rb:31:in `block in call'
activesupport (7.2.1) lib/active_support/callbacks.rb:101:in `run_callbacks'
actionpack (7.2.1) lib/action_dispatch/middleware/callbacks.rb:30:in `call'
actionpack (7.2.1) lib/action_dispatch/middleware/executor.rb:16:in `call'
actionpack (7.2.1) lib/action_dispatch/middleware/actionable_exceptions.rb:18:in `call'
actionpack (7.2.1) lib/action_dispatch/middleware/debug_exceptions.rb:31:in `call'
actionpack (7.2.1) lib/action_dispatch/middleware/show_exceptions.rb:32:in `call'
railties (7.2.1) lib/rails/rack/logger.rb:41:in `call_app'
railties (7.2.1) lib/rails/rack/logger.rb:29:in `call'
actionpack (7.2.1) lib/action_dispatch/middleware/remote_ip.rb:96:in `call'
actionpack (7.2.1) lib/action_dispatch/middleware/request_id.rb:33:in `call'
rack (3.1.7) lib/rack/runtime.rb:24:in `call'
activesupport (7.2.1) lib/active_support/cache/strategy/local_cache_middleware.rb:29:in `call'
actionpack (7.2.1) lib/action_dispatch/middleware/server_timing.rb:61:in `block in call'
actionpack (7.2.1) lib/action_dispatch/middleware/server_timing.rb:26:in `collect_events'
actionpack (7.2.1) lib/action_dispatch/middleware/server_timing.rb:60:in `call'
actionpack (7.2.1) lib/action_dispatch/middleware/executor.rb:16:in `call'
actionpack (7.2.1) lib/action_dispatch/middleware/static.rb:27:in `call'
rack (3.1.7) lib/rack/sendfile.rb:114:in `call'
actionpack (7.2.1) lib/action_dispatch/middleware/host_authorization.rb:143:in `call'
rack-cors (2.0.2) lib/rack/cors.rb:102:in `call'
railties (7.2.1) lib/rails/engine.rb:535:in `call'
puma (6.4.3) lib/puma/configuration.rb:272:in `call'
puma (6.4.3) lib/puma/request.rb:100:in `block in handle_request'
puma (6.4.3) lib/puma/thread_pool.rb:378:in `with_force_shutdown'
puma (6.4.3) lib/puma/request.rb:99:in `handle_request'
puma (6.4.3) lib/puma/server.rb:464:in `process_client'
puma (6.4.3) lib/puma/server.rb:245:in `block in run'
puma (6.4.3) lib/puma/thread_pool.rb:155:in `block in spawn_thread'
Started POST "/users" for ::1 at 2024-10-14 22:16:28 -0700
  [1m[36mActiveRecord::SchemaMigration Load (0.1ms)[0m  [1m[34mSELECT "schema_migrations"."version" FROM "schema_migrations" ORDER BY "schema_migrations"."version" ASC[0m
Processing by Users::RegistrationsController#create as */*
  Parameters: {"user"=>{"email"=>"[FILTERED]", "password"=>"[FILTERED]"}, "registration"=>{"user"=>{"email"=>"[FILTERED]", "password"=>"[FILTERED]"}}}
  [1m[36mTRANSACTION (0.0ms)[0m  [1m[36mbegin transaction[0m
  [1m[36mUser Exists? (0.9ms)[0m  [1m[34mSELECT 1 AS one FROM "users" WHERE "users"."email" = ? LIMIT ?[0m  [["email", "[FILTERED]"], ["LIMIT", 1]]
  [1m[36mTRANSACTION (0.0ms)[0m  [1m[31mrollback transaction[0m
Completed 500 Internal Server Error in 246ms (ActiveRecord: 1.6ms (1 query, 0 cached) | GC: 1.1ms)


  
NoMethodError (undefined method `jti=' for an instance of User):
  
activemodel (7.2.1) lib/active_model/attribute_methods.rb:507:in `method_missing'
activerecord (7.2.1) lib/active_record/attribute_methods.rb:491:in `method_missing'
devise-jwt (0.12.1) lib/devise/jwt/revocation_strategies/jti_matcher.rb:46:in `initialize_jti'
activesupport (7.2.1) lib/active_support/callbacks.rb:362:in `block in make_lambda'
activesupport (7.2.1) lib/active_support/callbacks.rb:179:in `block in call'
activesupport (7.2.1) lib/active_support/callbacks.rb:668:in `block (2 levels) in default_terminator'
activesupport (7.2.1) lib/active_support/callbacks.rb:667:in `catch'
activesupport (7.2.1) lib/active_support/callbacks.rb:667:in `block in default_terminator'
activesupport (7.2.1) lib/active_support/callbacks.rb:180:in `call'
activesupport (7.2.1) lib/active_support/callbacks.rb:559:in `block in invoke_before'
activesupport (7.2.1) lib/active_support/callbacks.rb:559:in `each'
activesupport (7.2.1) lib/active_support/callbacks.rb:559:in `invoke_before'
activesupport (7.2.1) lib/active_support/callbacks.rb:109:in `run_callbacks'
activesupport (7.2.1) lib/active_support/callbacks.rb:913:in `_run_create_callbacks'
activerecord (7.2.1) lib/active_record/callbacks.rb:445:in `_create_record'
activerecord (7.2.1) lib/active_record/timestamp.rb:116:in `_create_record'
activerecord (7.2.1) lib/active_record/persistence.rb:896:in `create_or_update'
activerecord (7.2.1) lib/active_record/callbacks.rb:441:in `block in create_or_update'
activesupport (7.2.1) lib/active_support/callbacks.rb:101:in `run_callbacks'
activesupport (7.2.1) lib/active_support/callbacks.rb:913:in `_run_save_callbacks'
activerecord (7.2.1) lib/active_record/callbacks.rb:441:in `create_or_update'
activerecord (7.2.1) lib/active_record/timestamp.rb:127:in `create_or_update'
activerecord (7.2.1) lib/active_record/persistence.rb:393:in `save'
activerecord (7.2.1) lib/active_record/validations.rb:48:in `save'
activerecord (7.2.1) lib/active_record/transactions.rb:362:in `block in save'
activerecord (7.2.1) lib/active_record/transactions.rb:418:in `block (2 levels) in with_transaction_returning_status'
activerecord (7.2.1) lib/active_record/connection_adapters/abstract/transaction.rb:616:in `block in within_new_transaction'
activesupport (7.2.1) lib/active_support/concurrency/null_lock.rb:9:in `synchronize'
activerecord (7.2.1) lib/active_record/connection_adapters/abstract/transaction.rb:613:in `within_new_transaction'
activerecord (7.2.1) lib/active_record/connection_adapters/abstract/database_statements.rb:361:in `transaction'
activerecord (7.2.1) lib/active_record/transactions.rb:414:in `block in with_transaction_returning_status'
activerecord (7.2.1) lib/active_record/connection_adapters/abstract/connection_pool.rb:395:in `with_connection'
activerecord (7.2.1) lib/active_record/connection_handling.rb:296:in `with_connection'
activerecord (7.2.1) lib/active_record/transactions.rb:410:in `with_transaction_returning_status'
activerecord (7.2.1) lib/active_record/transactions.rb:362:in `save'
activerecord (7.2.1) lib/active_record/suppressor.rb:52:in `save'
devise (4.9.4) app/controllers/devise/registrations_controller.rb:19:in `create'
actionpack (7.2.1) lib/action_controller/metal/basic_implicit_render.rb:8:in `send_action'
actionpack (7.2.1) lib/abstract_controller/base.rb:226:in `process_action'
actionpack (7.2.1) lib/action_controller/metal/rendering.rb:193:in `process_action'
actionpack (7.2.1) lib/abstract_controller/callbacks.rb:261:in `block in process_action'
activesupport (7.2.1) lib/active_support/callbacks.rb:110:in `run_callbacks'
actionpack (7.2.1) lib/abstract_controller/callbacks.rb:260:in `process_action'
actionpack (7.2.1) lib/action_controller/metal/rescue.rb:27:in `process_action'
actionpack (7.2.1) lib/action_controller/metal/instrumentation.rb:77:in `block in process_action'
activesupport (7.2.1) lib/active_support/notifications.rb:210:in `block in instrument'
activesupport (7.2.1) lib/active_support/notifications/instrumenter.rb:58:in `instrument'
activesupport (7.2.1) lib/active_support/notifications.rb:210:in `instrument'
actionpack (7.2.1) lib/action_controller/metal/instrumentation.rb:76:in `process_action'
actionpack (7.2.1) lib/action_controller/metal/params_wrapper.rb:259:in `process_action'
activerecord (7.2.1) lib/active_record/railties/controller_runtime.rb:39:in `process_action'
actionpack (7.2.1) lib/abstract_controller/base.rb:163:in `process'
actionpack (7.2.1) lib/action_controller/metal.rb:252:in `dispatch'
actionpack (7.2.1) lib/action_controller/metal.rb:335:in `dispatch'
actionpack (7.2.1) lib/action_dispatch/routing/route_set.rb:67:in `dispatch'
actionpack (7.2.1) lib/action_dispatch/routing/route_set.rb:50:in `serve'
actionpack (7.2.1) lib/action_dispatch/routing/mapper.rb:32:in `block in <class:Constraints>'
actionpack (7.2.1) lib/action_dispatch/routing/mapper.rb:62:in `serve'
actionpack (7.2.1) lib/action_dispatch/journey/router.rb:53:in `block in serve'
actionpack (7.2.1) lib/action_dispatch/journey/router.rb:133:in `block in find_routes'
actionpack (7.2.1) lib/action_dispatch/journey/router.rb:126:in `each'
actionpack (7.2.1) lib/action_dispatch/journey/router.rb:126:in `find_routes'
actionpack (7.2.1) lib/action_dispatch/journey/router.rb:34:in `serve'
actionpack (7.2.1) lib/action_dispatch/routing/route_set.rb:896:in `call'
warden-jwt_auth (0.10.0) lib/warden/jwt_auth/middleware/token_dispatcher.rb:20:in `call'
warden-jwt_auth (0.10.0) lib/warden/jwt_auth/middleware/revocation_manager.rb:21:in `call'
rack (3.1.7) lib/rack/builder.rb:277:in `call'
warden-jwt_auth (0.10.0) lib/warden/jwt_auth/middleware.rb:22:in `call'
warden (1.2.9) lib/warden/manager.rb:36:in `block in call'
warden (1.2.9) lib/warden/manager.rb:34:in `catch'
warden (1.2.9) lib/warden/manager.rb:34:in `call'
rack (3.1.7) lib/rack/etag.rb:29:in `call'
rack (3.1.7) lib/rack/conditional_get.rb:43:in `call'
rack (3.1.7) lib/rack/head.rb:15:in `call'
activerecord (7.2.1) lib/active_record/migration.rb:674:in `call'
actionpack (7.2.1) lib/action_dispatch/middleware/callbacks.rb:31:in `block in call'
activesupport (7.2.1) lib/active_support/callbacks.rb:101:in `run_callbacks'
actionpack (7.2.1) lib/action_dispatch/middleware/callbacks.rb:30:in `call'
actionpack (7.2.1) lib/action_dispatch/middleware/executor.rb:16:in `call'
actionpack (7.2.1) lib/action_dispatch/middleware/actionable_exceptions.rb:18:in `call'
actionpack (7.2.1) lib/action_dispatch/middleware/debug_exceptions.rb:31:in `call'
actionpack (7.2.1) lib/action_dispatch/middleware/show_exceptions.rb:32:in `call'
railties (7.2.1) lib/rails/rack/logger.rb:41:in `call_app'
railties (7.2.1) lib/rails/rack/logger.rb:29:in `call'
actionpack (7.2.1) lib/action_dispatch/middleware/remote_ip.rb:96:in `call'
actionpack (7.2.1) lib/action_dispatch/middleware/request_id.rb:33:in `call'
rack (3.1.7) lib/rack/runtime.rb:24:in `call'
activesupport (7.2.1) lib/active_support/cache/strategy/local_cache_middleware.rb:29:in `call'
actionpack (7.2.1) lib/action_dispatch/middleware/server_timing.rb:61:in `block in call'
actionpack (7.2.1) lib/action_dispatch/middleware/server_timing.rb:26:in `collect_events'
actionpack (7.2.1) lib/action_dispatch/middleware/server_timing.rb:60:in `call'
actionpack (7.2.1) lib/action_dispatch/middleware/executor.rb:16:in `call'
actionpack (7.2.1) lib/action_dispatch/middleware/static.rb:27:in `call'
rack (3.1.7) lib/rack/sendfile.rb:114:in `call'
actionpack (7.2.1) lib/action_dispatch/middleware/host_authorization.rb:143:in `call'
rack-cors (2.0.2) lib/rack/cors.rb:102:in `call'
railties (7.2.1) lib/rails/engine.rb:535:in `call'
puma (6.4.3) lib/puma/configuration.rb:272:in `call'
puma (6.4.3) lib/puma/request.rb:100:in `block in handle_request'
puma (6.4.3) lib/puma/thread_pool.rb:378:in `with_force_shutdown'
puma (6.4.3) lib/puma/request.rb:99:in `handle_request'
puma (6.4.3) lib/puma/server.rb:464:in `process_client'
puma (6.4.3) lib/puma/server.rb:245:in `block in run'
puma (6.4.3) lib/puma/thread_pool.rb:155:in `block in spawn_thread'
  [1m[36mActiveRecord::SchemaMigration Load (0.1ms)[0m  [1m[34mSELECT "schema_migrations"."version" FROM "schema_migrations" ORDER BY "schema_migrations"."version" ASC[0m
  [1m[36mActiveRecord::InternalMetadata Load (0.2ms)[0m  [1m[34mSELECT * FROM "ar_internal_metadata" WHERE "ar_internal_metadata"."key" = ? ORDER BY "ar_internal_metadata"."key" ASC LIMIT 1[0m  [[nil, "environment"]]
  [1m[36mActiveRecord::SchemaMigration Load (0.0ms)[0m  [1m[34mSELECT "schema_migrations"."version" FROM "schema_migrations" ORDER BY "schema_migrations"."version" ASC[0m
  [1m[36mActiveRecord::InternalMetadata Load (0.0ms)[0m  [1m[34mSELECT * FROM "ar_internal_metadata" WHERE "ar_internal_metadata"."key" = ? ORDER BY "ar_internal_metadata"."key" ASC LIMIT 1[0m  [[nil, "environment"]]
  [1m[36mActiveRecord::SchemaMigration Load (0.0ms)[0m  [1m[34mSELECT "schema_migrations"."version" FROM "schema_migrations" ORDER BY "schema_migrations"."version" ASC[0m
  [1m[36mActiveRecord::InternalMetadata Load (0.0ms)[0m  [1m[34mSELECT * FROM "ar_internal_metadata" WHERE "ar_internal_metadata"."key" = ? ORDER BY "ar_internal_metadata"."key" ASC LIMIT 1[0m  [[nil, "environment"]]
  [1m[35m (0.2ms)[0m  [1m[35mDROP TABLE IF EXISTS "users"[0m
  [1m[35m (1.0ms)[0m  [1m[35mCREATE TABLE "users" ("id" integer PRIMARY KEY AUTOINCREMENT NOT NULL, "email" varchar DEFAULT '' NOT NULL, "encrypted_password" varchar DEFAULT '' NOT NULL, "reset_password_token" varchar, "reset_password_sent_at" datetime(6), "remember_created_at" datetime(6), "created_at" datetime(6) NOT NULL, "updated_at" datetime(6) NOT NULL, "jti" varchar NOT NULL)[0m
  [1m[35m (0.1ms)[0m  [1m[35mCREATE UNIQUE INDEX "index_users_on_email" ON "users" ("email")[0m
  [1m[35m (0.0ms)[0m  [1m[35mCREATE UNIQUE INDEX "index_users_on_jti" ON "users" ("jti")[0m
  [1m[35m (0.0ms)[0m  [1m[35mCREATE UNIQUE INDEX "index_users_on_reset_password_token" ON "users" ("reset_password_token")[0m
  [1m[35m (0.1ms)[0m  [1m[35mCREATE TABLE "schema_migrations" ("version" varchar NOT NULL PRIMARY KEY)[0m
  [1m[36mActiveRecord::SchemaMigration Load (0.0ms)[0m  [1m[34mSELECT "schema_migrations"."version" FROM "schema_migrations" ORDER BY "schema_migrations"."version" ASC[0m
  [1m[35m (0.0ms)[0m  [1m[32mINSERT INTO "schema_migrations" (version) VALUES (20241010185858)[0m
  [1m[35m (0.0ms)[0m  [1m[32mINSERT INTO "schema_migrations" (version) VALUES
(20241010025956);[0m
  [1m[35m (0.1ms)[0m  [1m[35mCREATE TABLE "ar_internal_metadata" ("key" varchar NOT NULL PRIMARY KEY, "value" varchar, "created_at" datetime(6) NOT NULL, "updated_at" datetime(6) NOT NULL)[0m
  [1m[36mActiveRecord::InternalMetadata Load (0.0ms)[0m  [1m[34mSELECT * FROM "ar_internal_metadata" WHERE "ar_internal_metadata"."key" = ? ORDER BY "ar_internal_metadata"."key" ASC LIMIT 1[0m  [[nil, "environment"]]
  [1m[36mActiveRecord::InternalMetadata Create (0.1ms)[0m  [1m[32mINSERT INTO "ar_internal_metadata" ("key", "value", "created_at", "updated_at") VALUES ('environment', 'development', '2024-10-15 05:31:42.204717', '2024-10-15 05:31:42.204718') RETURNING "key"[0m
  [1m[36mActiveRecord::InternalMetadata Load (0.0ms)[0m  [1m[34mSELECT * FROM "ar_internal_metadata" WHERE "ar_internal_metadata"."key" = ? ORDER BY "ar_internal_metadata"."key" ASC LIMIT 1[0m  [[nil, "environment"]]
  [1m[36mActiveRecord::InternalMetadata Update (0.0ms)[0m  [1m[33mUPDATE "ar_internal_metadata" SET "value" = 'test', "updated_at" = '2024-10-15 05:31:42.206195' WHERE "ar_internal_metadata"."key" = 'environment'[0m
  [1m[36mActiveRecord::InternalMetadata Load (0.0ms)[0m  [1m[34mSELECT * FROM "ar_internal_metadata" WHERE "ar_internal_metadata"."key" = ? ORDER BY "ar_internal_metadata"."key" ASC LIMIT 1[0m  [[nil, "schema_sha1"]]
  [1m[36mActiveRecord::InternalMetadata Create (0.0ms)[0m  [1m[32mINSERT INTO "ar_internal_metadata" ("key", "value", "created_at", "updated_at") VALUES ('schema_sha1', '3992ace0b6826d089a4034ae3d3e1e502e7bb362', '2024-10-15 05:31:42.206708', '2024-10-15 05:31:42.206709') RETURNING "key"[0m
  [1m[36mActiveRecord::InternalMetadata Load (0.2ms)[0m  [1m[34mSELECT * FROM "ar_internal_metadata" WHERE "ar_internal_metadata"."key" = ? ORDER BY "ar_internal_metadata"."key" ASC LIMIT 1[0m  [[nil, "environment"]]
  [1m[36mActiveRecord::SchemaMigration Load (0.1ms)[0m  [1m[34mSELECT "schema_migrations"."version" FROM "schema_migrations" ORDER BY "schema_migrations"."version" ASC[0m
Migrating to AddJtiToUsers (20241015054647)
  [1m[36mTRANSACTION (0.0ms)[0m  [1m[36mbegin transaction[0m
  [1m[36mActiveRecord::SchemaMigration Create (1.0ms)[0m  [1m[32mINSERT INTO "schema_migrations" ("version") VALUES ('20241015054647') RETURNING "version"[0m
  [1m[36mTRANSACTION (0.2ms)[0m  [1m[36mcommit transaction[0m
  [1m[36mActiveRecord::SchemaMigration Load (0.0ms)[0m  [1m[34mSELECT "schema_migrations"."version" FROM "schema_migrations" ORDER BY "schema_migrations"."version" ASC[0m
  [1m[36mActiveRecord::InternalMetadata Load (0.3ms)[0m  [1m[34mSELECT * FROM "ar_internal_metadata" WHERE "ar_internal_metadata"."key" = ? ORDER BY "ar_internal_metadata"."key" ASC LIMIT 1[0m  [[nil, "environment"]]
  [1m[36mActiveRecord::SchemaMigration Load (0.0ms)[0m  [1m[34mSELECT "schema_migrations"."version" FROM "schema_migrations" ORDER BY "schema_migrations"."version" ASC[0m
  [1m[36mActiveRecord::SchemaMigration Load (0.0ms)[0m  [1m[34mSELECT "schema_migrations"."version" FROM "schema_migrations" ORDER BY "schema_migrations"."version" ASC[0m
  [1m[36mActiveRecord::InternalMetadata Load (0.3ms)[0m  [1m[34mSELECT * FROM "ar_internal_metadata" WHERE "ar_internal_metadata"."key" = ? ORDER BY "ar_internal_metadata"."key" ASC LIMIT 1[0m  [[nil, "environment"]]
  [1m[36mActiveRecord::SchemaMigration Load (0.0ms)[0m  [1m[34mSELECT "schema_migrations"."version" FROM "schema_migrations" ORDER BY "schema_migrations"."version" ASC[0m
  [1m[36mActiveRecord::SchemaMigration Load (0.0ms)[0m  [1m[34mSELECT "schema_migrations"."version" FROM "schema_migrations" ORDER BY "schema_migrations"."version" ASC[0m
  [1m[36mActiveRecord::SchemaMigration Load (0.1ms)[0m  [1m[34mSELECT "schema_migrations"."version" FROM "schema_migrations" ORDER BY "schema_migrations"."version" ASC[0m
  [1m[36mActiveRecord::SchemaMigration Load (0.0ms)[0m  [1m[34mSELECT "schema_migrations"."version" FROM "schema_migrations" ORDER BY "schema_migrations"."version" ASC[0m
  [1m[36mActiveRecord::SchemaMigration Load (0.0ms)[0m  [1m[34mSELECT "schema_migrations"."version" FROM "schema_migrations" ORDER BY "schema_migrations"."version" ASC[0m
  [1m[36mActiveRecord::SchemaMigration Load (0.0ms)[0m  [1m[34mSELECT "schema_migrations"."version" FROM "schema_migrations" ORDER BY "schema_migrations"."version" ASC[0m
Migrating to AddJtiToUsers (20241015054647)
  [1m[36mTRANSACTION (0.0ms)[0m  [1m[36mbegin transaction[0m
  [1m[36mActiveRecord::SchemaMigration Destroy (0.4ms)[0m  [1m[31mDELETE FROM "schema_migrations" WHERE "schema_migrations"."version" = '20241015054647'[0m
  [1m[36mTRANSACTION (0.2ms)[0m  [1m[36mcommit transaction[0m
  [1m[36mActiveRecord::SchemaMigration Load (0.0ms)[0m  [1m[34mSELECT "schema_migrations"."version" FROM "schema_migrations" ORDER BY "schema_migrations"."version" ASC[0m
  [1m[36mActiveRecord::InternalMetadata Load (0.2ms)[0m  [1m[34mSELECT * FROM "ar_internal_metadata" WHERE "ar_internal_metadata"."key" = ? ORDER BY "ar_internal_metadata"."key" ASC LIMIT 1[0m  [[nil, "environment"]]
  [1m[36mActiveRecord::SchemaMigration Load (0.0ms)[0m  [1m[34mSELECT "schema_migrations"."version" FROM "schema_migrations" ORDER BY "schema_migrations"."version" ASC[0m
Migrating to AddJtiToUsers (20241015054647)
  [1m[36mTRANSACTION (0.0ms)[0m  [1m[36mbegin transaction[0m
  [1m[36mActiveRecord::SchemaMigration Create (0.5ms)[0m  [1m[32mINSERT INTO "schema_migrations" ("version") VALUES ('20241015054647') RETURNING "version"[0m
  [1m[36mTRANSACTION (0.2ms)[0m  [1m[36mcommit transaction[0m
  [1m[36mActiveRecord::SchemaMigration Load (0.0ms)[0m  [1m[34mSELECT "schema_migrations"."version" FROM "schema_migrations" ORDER BY "schema_migrations"."version" ASC[0m
  [1m[36mActiveRecord::InternalMetadata Load (0.2ms)[0m  [1m[34mSELECT * FROM "ar_internal_metadata" WHERE "ar_internal_metadata"."key" = ? ORDER BY "ar_internal_metadata"."key" ASC LIMIT 1[0m  [[nil, "environment"]]
  [1m[36mActiveRecord::SchemaMigration Load (0.0ms)[0m  [1m[34mSELECT "schema_migrations"."version" FROM "schema_migrations" ORDER BY "schema_migrations"."version" ASC[0m
Migrating to AddJtiToUsers (20241015060015)
  [1m[36mTRANSACTION (0.0ms)[0m  [1m[36mbegin transaction[0m
  [1m[36mActiveRecord::SchemaMigration Create (1.0ms)[0m  [1m[32mINSERT INTO "schema_migrations" ("version") VALUES ('20241015060015') RETURNING "version"[0m
  [1m[36mTRANSACTION (0.2ms)[0m  [1m[36mcommit transaction[0m
  [1m[36mActiveRecord::SchemaMigration Load (0.0ms)[0m  [1m[34mSELECT "schema_migrations"."version" FROM "schema_migrations" ORDER BY "schema_migrations"."version" ASC[0m
  [1m[36mActiveRecord::SchemaMigration Load (0.1ms)[0m  [1m[34mSELECT "schema_migrations"."version" FROM "schema_migrations" ORDER BY "schema_migrations"."version" ASC[0m
  [1m[36mActiveRecord::SchemaMigration Load (0.2ms)[0m  [1m[34mSELECT "schema_migrations"."version" FROM "schema_migrations" ORDER BY "schema_migrations"."version" ASC[0m
  [1m[36mActiveRecord::InternalMetadata Load (0.2ms)[0m  [1m[34mSELECT * FROM "ar_internal_metadata" WHERE "ar_internal_metadata"."key" = ? ORDER BY "ar_internal_metadata"."key" ASC LIMIT 1[0m  [[nil, "environment"]]
  [1m[36mActiveRecord::SchemaMigration Load (0.0ms)[0m  [1m[34mSELECT "schema_migrations"."version" FROM "schema_migrations" ORDER BY "schema_migrations"."version" ASC[0m
  [1m[36mActiveRecord::InternalMetadata Load (0.0ms)[0m  [1m[34mSELECT * FROM "ar_internal_metadata" WHERE "ar_internal_metadata"."key" = ? ORDER BY "ar_internal_metadata"."key" ASC LIMIT 1[0m  [[nil, "environment"]]
  [1m[36mActiveRecord::SchemaMigration Load (0.0ms)[0m  [1m[34mSELECT "schema_migrations"."version" FROM "schema_migrations" ORDER BY "schema_migrations"."version" ASC[0m
  [1m[36mActiveRecord::InternalMetadata Load (0.0ms)[0m  [1m[34mSELECT * FROM "ar_internal_metadata" WHERE "ar_internal_metadata"."key" = ? ORDER BY "ar_internal_metadata"."key" ASC LIMIT 1[0m  [[nil, "environment"]]
  [1m[35m (0.5ms)[0m  [1m[35mDROP TABLE IF EXISTS "users"[0m
  [1m[35m (0.1ms)[0m  [1m[35mCREATE TABLE "users" ("id" integer PRIMARY KEY AUTOINCREMENT NOT NULL, "email" varchar DEFAULT '' NOT NULL, "encrypted_password" varchar DEFAULT '' NOT NULL, "reset_password_token" varchar, "reset_password_sent_at" datetime(6), "remember_created_at" datetime(6), "created_at" datetime(6) NOT NULL, "updated_at" datetime(6) NOT NULL)[0m
  [1m[35m (0.1ms)[0m  [1m[35mCREATE UNIQUE INDEX "index_users_on_email" ON "users" ("email")[0m
  [1m[35m (0.0ms)[0m  [1m[35mCREATE UNIQUE INDEX "index_users_on_reset_password_token" ON "users" ("reset_password_token")[0m
  [1m[36mActiveRecord::SchemaMigration Load (0.0ms)[0m  [1m[34mSELECT "schema_migrations"."version" FROM "schema_migrations" ORDER BY "schema_migrations"."version" ASC[0m
  [1m[36mActiveRecord::InternalMetadata Load (0.0ms)[0m  [1m[34mSELECT * FROM "ar_internal_metadata" WHERE "ar_internal_metadata"."key" = ? ORDER BY "ar_internal_metadata"."key" ASC LIMIT 1[0m  [[nil, "environment"]]
  [1m[36mActiveRecord::InternalMetadata Load (0.0ms)[0m  [1m[34mSELECT * FROM "ar_internal_metadata" WHERE "ar_internal_metadata"."key" = ? ORDER BY "ar_internal_metadata"."key" ASC LIMIT 1[0m  [[nil, "environment"]]
  [1m[36mActiveRecord::InternalMetadata Load (0.0ms)[0m  [1m[34mSELECT * FROM "ar_internal_metadata" WHERE "ar_internal_metadata"."key" = ? ORDER BY "ar_internal_metadata"."key" ASC LIMIT 1[0m  [[nil, "schema_sha1"]]
  [1m[36mActiveRecord::InternalMetadata Create (0.1ms)[0m  [1m[32mINSERT INTO "ar_internal_metadata" ("key", "value", "created_at", "updated_at") VALUES ('schema_sha1', '989c640c38fb664247cb64ab65b2e1d7dddcbcfb', '2024-10-16 06:13:44.119289', '2024-10-16 06:13:44.119291') RETURNING "key"[0m
  [1m[35m (1.0ms)[0m  [1m[35mDROP TABLE IF EXISTS "users"[0m
  [1m[35m (0.1ms)[0m  [1m[35mCREATE TABLE "users" ("id" integer PRIMARY KEY AUTOINCREMENT NOT NULL, "email" varchar DEFAULT '' NOT NULL, "encrypted_password" varchar DEFAULT '' NOT NULL, "reset_password_token" varchar, "reset_password_sent_at" datetime(6), "remember_created_at" datetime(6), "created_at" datetime(6) NOT NULL, "updated_at" datetime(6) NOT NULL)[0m
  [1m[35m (0.0ms)[0m  [1m[35mCREATE UNIQUE INDEX "index_users_on_email" ON "users" ("email")[0m
  [1m[35m (0.0ms)[0m  [1m[35mCREATE UNIQUE INDEX "index_users_on_reset_password_token" ON "users" ("reset_password_token")[0m
  [1m[36mActiveRecord::SchemaMigration Load (0.3ms)[0m  [1m[34mSELECT "schema_migrations"."version" FROM "schema_migrations" ORDER BY "schema_migrations"."version" ASC[0m
  [1m[35m (0.0ms)[0m  [1m[32mINSERT INTO "schema_migrations" (version) VALUES (20241015060015)[0m
  [1m[36mActiveRecord::InternalMetadata Load (0.0ms)[0m  [1m[34mSELECT * FROM "ar_internal_metadata" WHERE "ar_internal_metadata"."key" = ? ORDER BY "ar_internal_metadata"."key" ASC LIMIT 1[0m  [[nil, "environment"]]
  [1m[36mActiveRecord::InternalMetadata Update (0.0ms)[0m  [1m[33mUPDATE "ar_internal_metadata" SET "value" = 'development', "updated_at" = '2024-10-16 06:13:44.124614' WHERE "ar_internal_metadata"."key" = 'environment'[0m
  [1m[36mActiveRecord::InternalMetadata Load (0.0ms)[0m  [1m[34mSELECT * FROM "ar_internal_metadata" WHERE "ar_internal_metadata"."key" = ? ORDER BY "ar_internal_metadata"."key" ASC LIMIT 1[0m  [[nil, "environment"]]
  [1m[36mActiveRecord::InternalMetadata Update (0.0ms)[0m  [1m[33mUPDATE "ar_internal_metadata" SET "value" = 'test', "updated_at" = '2024-10-16 06:13:44.125217' WHERE "ar_internal_metadata"."key" = 'environment'[0m
  [1m[36mActiveRecord::InternalMetadata Load (0.0ms)[0m  [1m[34mSELECT * FROM "ar_internal_metadata" WHERE "ar_internal_metadata"."key" = ? ORDER BY "ar_internal_metadata"."key" ASC LIMIT 1[0m  [[nil, "schema_sha1"]]
  [1m[36mActiveRecord::InternalMetadata Update (0.0ms)[0m  [1m[33mUPDATE "ar_internal_metadata" SET "value" = '989c640c38fb664247cb64ab65b2e1d7dddcbcfb', "updated_at" = '2024-10-16 06:13:44.125680' WHERE "ar_internal_metadata"."key" = 'schema_sha1'[0m
  [1m[36mActiveRecord::InternalMetadata Load (0.3ms)[0m  [1m[34mSELECT * FROM "ar_internal_metadata" WHERE "ar_internal_metadata"."key" = ? ORDER BY "ar_internal_metadata"."key" ASC LIMIT 1[0m  [[nil, "environment"]]
  [1m[36mActiveRecord::SchemaMigration Load (0.1ms)[0m  [1m[34mSELECT "schema_migrations"."version" FROM "schema_migrations" ORDER BY "schema_migrations"."version" ASC[0m
Migrating to AddJtiToUsers (20241016070551)
  [1m[36mTRANSACTION (0.0ms)[0m  [1m[36mbegin transaction[0m
  [1m[36mActiveRecord::SchemaMigration Create (2.4ms)[0m  [1m[32mINSERT INTO "schema_migrations" ("version") VALUES ('20241016070551') RETURNING "version"[0m
  [1m[36mTRANSACTION (0.2ms)[0m  [1m[36mcommit transaction[0m
  [1m[36mActiveRecord::SchemaMigration Load (0.0ms)[0m  [1m[34mSELECT "schema_migrations"."version" FROM "schema_migrations" ORDER BY "schema_migrations"."version" ASC[0m
  [1m[36mActiveRecord::SchemaMigration Load (0.2ms)[0m  [1m[34mSELECT "schema_migrations"."version" FROM "schema_migrations" ORDER BY "schema_migrations"."version" ASC[0m
  [1m[36mActiveRecord::InternalMetadata Load (0.2ms)[0m  [1m[34mSELECT * FROM "ar_internal_metadata" WHERE "ar_internal_metadata"."key" = ? ORDER BY "ar_internal_metadata"."key" ASC LIMIT 1[0m  [[nil, "environment"]]
  [1m[36mActiveRecord::SchemaMigration Load (0.0ms)[0m  [1m[34mSELECT "schema_migrations"."version" FROM "schema_migrations" ORDER BY "schema_migrations"."version" ASC[0m
  [1m[36mActiveRecord::InternalMetadata Load (0.0ms)[0m  [1m[34mSELECT * FROM "ar_internal_metadata" WHERE "ar_internal_metadata"."key" = ? ORDER BY "ar_internal_metadata"."key" ASC LIMIT 1[0m  [[nil, "environment"]]
  [1m[36mActiveRecord::SchemaMigration Load (0.0ms)[0m  [1m[34mSELECT "schema_migrations"."version" FROM "schema_migrations" ORDER BY "schema_migrations"."version" ASC[0m
  [1m[36mActiveRecord::InternalMetadata Load (0.0ms)[0m  [1m[34mSELECT * FROM "ar_internal_metadata" WHERE "ar_internal_metadata"."key" = ? ORDER BY "ar_internal_metadata"."key" ASC LIMIT 1[0m  [[nil, "environment"]]
  [1m[35m (0.1ms)[0m  [1m[35mDROP TABLE IF EXISTS "users"[0m
  [1m[35m (0.2ms)[0m  [1m[35mCREATE TABLE "users" ("id" integer PRIMARY KEY AUTOINCREMENT NOT NULL, "email" varchar DEFAULT '' NOT NULL, "encrypted_password" varchar DEFAULT '' NOT NULL, "reset_password_token" varchar, "reset_password_sent_at" datetime(6), "remember_created_at" datetime(6), "created_at" datetime(6) NOT NULL, "updated_at" datetime(6) NOT NULL, "jti" varchar NOT NULL)[0m
  [1m[35m (0.1ms)[0m  [1m[35mCREATE UNIQUE INDEX "index_users_on_email" ON "users" ("email")[0m
  [1m[35m (0.0ms)[0m  [1m[35mCREATE UNIQUE INDEX "index_users_on_reset_password_token" ON "users" ("reset_password_token")[0m
  [1m[35m (0.0ms)[0m  [1m[35mCREATE UNIQUE INDEX "index_users_on_jti" ON "users" ("jti")[0m
  [1m[35m (0.1ms)[0m  [1m[35mCREATE TABLE "schema_migrations" ("version" varchar NOT NULL PRIMARY KEY)[0m
  [1m[36mActiveRecord::SchemaMigration Load (0.0ms)[0m  [1m[34mSELECT "schema_migrations"."version" FROM "schema_migrations" ORDER BY "schema_migrations"."version" ASC[0m
  [1m[35m (0.0ms)[0m  [1m[32mINSERT INTO "schema_migrations" (version) VALUES (20241016070551)[0m
  [1m[35m (0.1ms)[0m  [1m[35mCREATE TABLE "ar_internal_metadata" ("key" varchar NOT NULL PRIMARY KEY, "value" varchar, "created_at" datetime(6) NOT NULL, "updated_at" datetime(6) NOT NULL)[0m
  [1m[36mActiveRecord::InternalMetadata Load (0.0ms)[0m  [1m[34mSELECT * FROM "ar_internal_metadata" WHERE "ar_internal_metadata"."key" = ? ORDER BY "ar_internal_metadata"."key" ASC LIMIT 1[0m  [[nil, "environment"]]
  [1m[36mActiveRecord::InternalMetadata Create (0.0ms)[0m  [1m[32mINSERT INTO "ar_internal_metadata" ("key", "value", "created_at", "updated_at") VALUES ('environment', 'development', '2024-10-16 14:58:17.703637', '2024-10-16 14:58:17.703638') RETURNING "key"[0m
  [1m[36mActiveRecord::InternalMetadata Load (0.0ms)[0m  [1m[34mSELECT * FROM "ar_internal_metadata" WHERE "ar_internal_metadata"."key" = ? ORDER BY "ar_internal_metadata"."key" ASC LIMIT 1[0m  [[nil, "environment"]]
  [1m[36mActiveRecord::InternalMetadata Update (0.0ms)[0m  [1m[33mUPDATE "ar_internal_metadata" SET "value" = 'test', "updated_at" = '2024-10-16 14:58:17.704198' WHERE "ar_internal_metadata"."key" = 'environment'[0m
  [1m[36mActiveRecord::InternalMetadata Load (0.0ms)[0m  [1m[34mSELECT * FROM "ar_internal_metadata" WHERE "ar_internal_metadata"."key" = ? ORDER BY "ar_internal_metadata"."key" ASC LIMIT 1[0m  [[nil, "schema_sha1"]]
  [1m[36mActiveRecord::InternalMetadata Create (0.0ms)[0m  [1m[32mINSERT INTO "ar_internal_metadata" ("key", "value", "created_at", "updated_at") VALUES ('schema_sha1', '8abd5c4e9190e83ab4fc88cbb9d6c97d57cdaece', '2024-10-16 14:58:17.704650', '2024-10-16 14:58:17.704651') RETURNING "key"[0m
Started GET "/users" for ::1 at 2024-10-16 08:09:35 -0700
  [1m[36mActiveRecord::SchemaMigration Load (0.2ms)[0m  [1m[34mSELECT "schema_migrations"."version" FROM "schema_migrations" ORDER BY "schema_migrations"."version" ASC[0m
  
ActionController::RoutingError (No route matches [GET] "/users"):
  
Started POST "/users" for ::1 at 2024-10-16 08:09:57 -0700
Processing by Users::RegistrationsController#create as */*
Completed 422 Unprocessable Content in 10ms (Views: 0.1ms | ActiveRecord: 0.8ms (0 queries, 0 cached) | GC: 1.1ms)


Started POST "/users" for ::1 at 2024-10-16 15:05:35 -0700
  [1m[36mActiveRecord::SchemaMigration Load (0.1ms)[0m  [1m[34mSELECT "schema_migrations"."version" FROM "schema_migrations" ORDER BY "schema_migrations"."version" ASC[0m
Processing by Users::RegistrationsController#create as */*
Completed 422 Unprocessable Content in 7ms (Views: 0.1ms | ActiveRecord: 0.8ms (0 queries, 0 cached) | GC: 0.3ms)


Started POST "/users" for ::1 at 2024-10-16 15:18:34 -0700
  [1m[36mActiveRecord::SchemaMigration Load (0.4ms)[0m  [1m[34mSELECT "schema_migrations"."version" FROM "schema_migrations" ORDER BY "schema_migrations"."version" ASC[0m
Processing by Users::RegistrationsController#create as */*
Completed 422 Unprocessable Content in 8ms (Views: 0.1ms | ActiveRecord: 0.7ms (0 queries, 0 cached) | GC: 0.4ms)


Started POST "/users" for ::1 at 2024-10-16 15:20:39 -0700
  [1m[36mActiveRecord::SchemaMigration Load (0.1ms)[0m  [1m[34mSELECT "schema_migrations"."version" FROM "schema_migrations" ORDER BY "schema_migrations"."version" ASC[0m
Processing by Users::RegistrationsController#create as */*
Received parameters: #<ActionController::Parameters {"controller"=>"users/registrations", "action"=>"create"} permitted: false>
Completed 500 Internal Server Error in 3ms (ActiveRecord: 0.0ms (0 queries, 0 cached) | GC: 0.2ms)


  
NameError (undefined local variable or method `user_params' for an instance of Users::RegistrationsController):
  
app/controllers/users/registrations_controller.rb:66:in `create'
Started POST "/users" for ::1 at 2024-10-16 21:23:19 -0700
  [1m[36mActiveRecord::SchemaMigration Load (0.2ms)[0m  [1m[34mSELECT "schema_migrations"."version" FROM "schema_migrations" ORDER BY "schema_migrations"."version" ASC[0m
Processing by Users::RegistrationsController#create as */*
Received parameters: #<ActionController::Parameters {"controller"=>"users/registrations", "action"=>"create"} permitted: false>
Completed 500 Internal Server Error in 3ms (ActiveRecord: 0.0ms (0 queries, 0 cached) | GC: 0.0ms)


  
NameError (undefined local variable or method `user_params' for an instance of Users::RegistrationsController):
  
app/controllers/users/registrations_controller.rb:66:in `create'
Started POST "/users" for ::1 at 2024-10-17 16:56:02 -0700
  [1m[36mActiveRecord::SchemaMigration Load (0.9ms)[0m  [1m[34mSELECT "schema_migrations"."version" FROM "schema_migrations" ORDER BY "schema_migrations"."version" ASC[0m
Processing by Users::RegistrationsController#create as */*
  Parameters: {"user"=>{"email"=>"[FILTERED]", "password"=>"[FILTERED]"}, "registration"=>{"user"=>{"email"=>"[FILTERED]", "password"=>"[FILTERED]"}}}
Received parameters: #<ActionController::Parameters {"user"=>{"email"=>"user@example.com", "password"=>"1234567"}, "controller"=>"users/registrations", "action"=>"create", "registration"=>{"user"=>{"email"=>"user@example.com", "password"=>"1234567"}}} permitted: false>
Completed 500 Internal Server Error in 3ms (ActiveRecord: 0.0ms (0 queries, 0 cached) | GC: 0.0ms)


  
NameError (undefined local variable or method `user_params' for an instance of Users::RegistrationsController):
  
app/controllers/users/registrations_controller.rb:66:in `create'
Started POST "/users" for ::1 at 2024-10-17 20:51:33 -0700
  [1m[36mActiveRecord::SchemaMigration Load (0.2ms)[0m  [1m[34mSELECT "schema_migrations"."version" FROM "schema_migrations" ORDER BY "schema_migrations"."version" ASC[0m
  
AbstractController::ActionNotFound (The action 'create' could not be found for Users::RegistrationsController):
  
actionpack (7.2.1) lib/abstract_controller/base.rb:158:in `process'
actionpack (7.2.1) lib/action_controller/metal.rb:252:in `dispatch'
actionpack (7.2.1) lib/action_controller/metal.rb:335:in `dispatch'
actionpack (7.2.1) lib/action_dispatch/routing/route_set.rb:67:in `dispatch'
actionpack (7.2.1) lib/action_dispatch/routing/route_set.rb:50:in `serve'
actionpack (7.2.1) lib/action_dispatch/routing/mapper.rb:32:in `block in <class:Constraints>'
actionpack (7.2.1) lib/action_dispatch/routing/mapper.rb:62:in `serve'
actionpack (7.2.1) lib/action_dispatch/journey/router.rb:53:in `block in serve'
actionpack (7.2.1) lib/action_dispatch/journey/router.rb:133:in `block in find_routes'
actionpack (7.2.1) lib/action_dispatch/journey/router.rb:126:in `each'
actionpack (7.2.1) lib/action_dispatch/journey/router.rb:126:in `find_routes'
actionpack (7.2.1) lib/action_dispatch/journey/router.rb:34:in `serve'
actionpack (7.2.1) lib/action_dispatch/routing/route_set.rb:896:in `call'
warden-jwt_auth (0.10.0) lib/warden/jwt_auth/middleware/token_dispatcher.rb:20:in `call'
warden-jwt_auth (0.10.0) lib/warden/jwt_auth/middleware/revocation_manager.rb:21:in `call'
rack (3.1.7) lib/rack/builder.rb:277:in `call'
warden-jwt_auth (0.10.0) lib/warden/jwt_auth/middleware.rb:22:in `call'
rack-session (2.0.0) lib/rack/session/abstract/id.rb:272:in `context'
rack-session (2.0.0) lib/rack/session/abstract/id.rb:266:in `call'
actionpack (7.2.1) lib/action_dispatch/middleware/cookies.rb:704:in `call'
warden (1.2.9) lib/warden/manager.rb:36:in `block in call'
warden (1.2.9) lib/warden/manager.rb:34:in `catch'
warden (1.2.9) lib/warden/manager.rb:34:in `call'
rack (3.1.7) lib/rack/etag.rb:29:in `call'
rack (3.1.7) lib/rack/conditional_get.rb:43:in `call'
rack (3.1.7) lib/rack/head.rb:15:in `call'
activerecord (7.2.1) lib/active_record/migration.rb:674:in `call'
actionpack (7.2.1) lib/action_dispatch/middleware/callbacks.rb:31:in `block in call'
activesupport (7.2.1) lib/active_support/callbacks.rb:101:in `run_callbacks'
actionpack (7.2.1) lib/action_dispatch/middleware/callbacks.rb:30:in `call'
actionpack (7.2.1) lib/action_dispatch/middleware/executor.rb:16:in `call'
actionpack (7.2.1) lib/action_dispatch/middleware/actionable_exceptions.rb:18:in `call'
actionpack (7.2.1) lib/action_dispatch/middleware/debug_exceptions.rb:31:in `call'
actionpack (7.2.1) lib/action_dispatch/middleware/show_exceptions.rb:32:in `call'
railties (7.2.1) lib/rails/rack/logger.rb:41:in `call_app'
railties (7.2.1) lib/rails/rack/logger.rb:29:in `call'
actionpack (7.2.1) lib/action_dispatch/middleware/remote_ip.rb:96:in `call'
actionpack (7.2.1) lib/action_dispatch/middleware/request_id.rb:33:in `call'
rack (3.1.7) lib/rack/runtime.rb:24:in `call'
activesupport (7.2.1) lib/active_support/cache/strategy/local_cache_middleware.rb:29:in `call'
actionpack (7.2.1) lib/action_dispatch/middleware/server_timing.rb:61:in `block in call'
actionpack (7.2.1) lib/action_dispatch/middleware/server_timing.rb:26:in `collect_events'
actionpack (7.2.1) lib/action_dispatch/middleware/server_timing.rb:60:in `call'
actionpack (7.2.1) lib/action_dispatch/middleware/executor.rb:16:in `call'
actionpack (7.2.1) lib/action_dispatch/middleware/static.rb:27:in `call'
rack (3.1.7) lib/rack/sendfile.rb:114:in `call'
actionpack (7.2.1) lib/action_dispatch/middleware/host_authorization.rb:143:in `call'
rack-cors (2.0.2) lib/rack/cors.rb:102:in `call'
railties (7.2.1) lib/rails/engine.rb:535:in `call'
puma (6.4.3) lib/puma/configuration.rb:272:in `call'
puma (6.4.3) lib/puma/request.rb:100:in `block in handle_request'
puma (6.4.3) lib/puma/thread_pool.rb:378:in `with_force_shutdown'
puma (6.4.3) lib/puma/request.rb:99:in `handle_request'
puma (6.4.3) lib/puma/server.rb:464:in `process_client'
puma (6.4.3) lib/puma/server.rb:245:in `block in run'
puma (6.4.3) lib/puma/thread_pool.rb:155:in `block in spawn_thread'
Started POST "/users" for ::1 at 2024-10-17 20:54:30 -0700
  [1m[36mActiveRecord::SchemaMigration Load (0.4ms)[0m  [1m[34mSELECT "schema_migrations"."version" FROM "schema_migrations" ORDER BY "schema_migrations"."version" ASC[0m
  
AbstractController::ActionNotFound (The action 'create' could not be found for Users::RegistrationsController):
  
actionpack (7.2.1) lib/abstract_controller/base.rb:158:in `process'
actionpack (7.2.1) lib/action_controller/metal.rb:252:in `dispatch'
actionpack (7.2.1) lib/action_controller/metal.rb:335:in `dispatch'
actionpack (7.2.1) lib/action_dispatch/routing/route_set.rb:67:in `dispatch'
actionpack (7.2.1) lib/action_dispatch/routing/route_set.rb:50:in `serve'
actionpack (7.2.1) lib/action_dispatch/routing/mapper.rb:32:in `block in <class:Constraints>'
actionpack (7.2.1) lib/action_dispatch/routing/mapper.rb:62:in `serve'
actionpack (7.2.1) lib/action_dispatch/journey/router.rb:53:in `block in serve'
actionpack (7.2.1) lib/action_dispatch/journey/router.rb:133:in `block in find_routes'
actionpack (7.2.1) lib/action_dispatch/journey/router.rb:126:in `each'
actionpack (7.2.1) lib/action_dispatch/journey/router.rb:126:in `find_routes'
actionpack (7.2.1) lib/action_dispatch/journey/router.rb:34:in `serve'
actionpack (7.2.1) lib/action_dispatch/routing/route_set.rb:896:in `call'
warden-jwt_auth (0.10.0) lib/warden/jwt_auth/middleware/token_dispatcher.rb:20:in `call'
warden-jwt_auth (0.10.0) lib/warden/jwt_auth/middleware/revocation_manager.rb:21:in `call'
rack (3.1.7) lib/rack/builder.rb:277:in `call'
warden-jwt_auth (0.10.0) lib/warden/jwt_auth/middleware.rb:22:in `call'
rack-session (2.0.0) lib/rack/session/abstract/id.rb:272:in `context'
rack-session (2.0.0) lib/rack/session/abstract/id.rb:266:in `call'
actionpack (7.2.1) lib/action_dispatch/middleware/cookies.rb:704:in `call'
warden (1.2.9) lib/warden/manager.rb:36:in `block in call'
warden (1.2.9) lib/warden/manager.rb:34:in `catch'
warden (1.2.9) lib/warden/manager.rb:34:in `call'
rack (3.1.7) lib/rack/etag.rb:29:in `call'
rack (3.1.7) lib/rack/conditional_get.rb:43:in `call'
rack (3.1.7) lib/rack/head.rb:15:in `call'
activerecord (7.2.1) lib/active_record/migration.rb:674:in `call'
actionpack (7.2.1) lib/action_dispatch/middleware/callbacks.rb:31:in `block in call'
activesupport (7.2.1) lib/active_support/callbacks.rb:101:in `run_callbacks'
actionpack (7.2.1) lib/action_dispatch/middleware/callbacks.rb:30:in `call'
actionpack (7.2.1) lib/action_dispatch/middleware/executor.rb:16:in `call'
actionpack (7.2.1) lib/action_dispatch/middleware/actionable_exceptions.rb:18:in `call'
actionpack (7.2.1) lib/action_dispatch/middleware/debug_exceptions.rb:31:in `call'
actionpack (7.2.1) lib/action_dispatch/middleware/show_exceptions.rb:32:in `call'
railties (7.2.1) lib/rails/rack/logger.rb:41:in `call_app'
railties (7.2.1) lib/rails/rack/logger.rb:29:in `call'
actionpack (7.2.1) lib/action_dispatch/middleware/remote_ip.rb:96:in `call'
actionpack (7.2.1) lib/action_dispatch/middleware/request_id.rb:33:in `call'
rack (3.1.7) lib/rack/runtime.rb:24:in `call'
activesupport (7.2.1) lib/active_support/cache/strategy/local_cache_middleware.rb:29:in `call'
actionpack (7.2.1) lib/action_dispatch/middleware/server_timing.rb:61:in `block in call'
actionpack (7.2.1) lib/action_dispatch/middleware/server_timing.rb:26:in `collect_events'
actionpack (7.2.1) lib/action_dispatch/middleware/server_timing.rb:60:in `call'
actionpack (7.2.1) lib/action_dispatch/middleware/executor.rb:16:in `call'
actionpack (7.2.1) lib/action_dispatch/middleware/static.rb:27:in `call'
rack (3.1.7) lib/rack/sendfile.rb:114:in `call'
actionpack (7.2.1) lib/action_dispatch/middleware/host_authorization.rb:143:in `call'
rack-cors (2.0.2) lib/rack/cors.rb:102:in `call'
railties (7.2.1) lib/rails/engine.rb:535:in `call'
puma (6.4.3) lib/puma/configuration.rb:272:in `call'
puma (6.4.3) lib/puma/request.rb:100:in `block in handle_request'
puma (6.4.3) lib/puma/thread_pool.rb:378:in `with_force_shutdown'
puma (6.4.3) lib/puma/request.rb:99:in `handle_request'
puma (6.4.3) lib/puma/server.rb:464:in `process_client'
puma (6.4.3) lib/puma/server.rb:245:in `block in run'
puma (6.4.3) lib/puma/thread_pool.rb:155:in `block in spawn_thread'
Started POST "/users" for ::1 at 2024-10-17 22:54:34 -0700
  [1m[36mActiveRecord::SchemaMigration Load (0.4ms)[0m  [1m[34mSELECT "schema_migrations"."version" FROM "schema_migrations" ORDER BY "schema_migrations"."version" ASC[0m
  
ArgumentError (Before process_action callback :verify_authenticity_token has not been defined):
  
app/controllers/application_controller.rb:2:in `<class:ApplicationController>'
app/controllers/application_controller.rb:1:in `<main>'
app/controllers/users/registrations_controller.rb:3:in `<main>'
Started POST "/users" for ::1 at 2024-10-18 21:24:13 -0700
  [1m[36mActiveRecord::SchemaMigration Load (0.1ms)[0m  [1m[34mSELECT "schema_migrations"."version" FROM "schema_migrations" ORDER BY "schema_migrations"."version" ASC[0m
  
ArgumentError (Before process_action callback :verify_authenticity_token has not been defined):
  
app/controllers/application_controller.rb:2:in `<class:ApplicationController>'
app/controllers/application_controller.rb:1:in `<main>'
app/controllers/users/registrations_controller.rb:3:in `<main>'
Started POST "/users" for ::1 at 2024-10-18 21:30:06 -0700
  [1m[36mActiveRecord::SchemaMigration Load (0.1ms)[0m  [1m[34mSELECT "schema_migrations"."version" FROM "schema_migrations" ORDER BY "schema_migrations"."version" ASC[0m
  
ArgumentError (Before process_action callback :verify_authenticity_token has not been defined):
  
app/controllers/application_controller.rb:2:in `<class:ApplicationController>'
app/controllers/application_controller.rb:1:in `<main>'
app/controllers/users/registrations_controller.rb:3:in `<main>'
Started POST "/users" for ::1 at 2024-10-18 21:30:47 -0700
  [1m[36mActiveRecord::SchemaMigration Load (0.1ms)[0m  [1m[34mSELECT "schema_migrations"."version" FROM "schema_migrations" ORDER BY "schema_migrations"."version" ASC[0m
  
ArgumentError (Before process_action callback :verify_authenticity_token has not been defined):
  
app/controllers/application_controller.rb:2:in `<class:ApplicationController>'
app/controllers/application_controller.rb:1:in `<main>'
app/controllers/users/registrations_controller.rb:3:in `<main>'
Started POST "/users" for ::1 at 2024-10-19 01:24:32 -0700
  [1m[36mActiveRecord::SchemaMigration Load (0.2ms)[0m  [1m[34mSELECT "schema_migrations"."version" FROM "schema_migrations" ORDER BY "schema_migrations"."version" ASC[0m
  
SyntaxError (/Users/jash/Library/CloudStorage/OneDrive-Personal/Jash/GreenRailsBackend/app/controllers/application_controller.rb:3: syntax error, unexpected ':', expecting `end' or dummy end
    protect_from_forgery with : :exception
                              ^
):
  
app/controllers/application_controller.rb:3: syntax error, unexpected ':', expecting `end' or dummy end
app/controllers/users/registrations_controller.rb:3:in `<main>'
Started POST "/users" for ::1 at 2024-10-19 01:26:03 -0700
  [1m[36mActiveRecord::SchemaMigration Load (0.1ms)[0m  [1m[34mSELECT "schema_migrations"."version" FROM "schema_migrations" ORDER BY "schema_migrations"."version" ASC[0m
  
SyntaxError (/Users/jash/Library/CloudStorage/OneDrive-Personal/Jash/GreenRailsBackend/app/controllers/application_controller.rb:3: syntax error, unexpected ':', expecting `end' or dummy end
    protect_from_forgery with : :exception
                              ^
/Users/jash/Library/CloudStorage/OneDrive-Personal/Jash/GreenRailsBackend/app/controllers/application_controller.rb:6: syntax error, unexpected `end'):
  
app/controllers/application_controller.rb:3: syntax error, unexpected ':', expecting `end' or dummy end
app/controllers/application_controller.rb:6: syntax error, unexpected `end'
app/controllers/users/registrations_controller.rb:3:in `<main>'
Started POST "/users" for ::1 at 2024-10-19 01:26:50 -0700
  [1m[36mActiveRecord::SchemaMigration Load (0.1ms)[0m  [1m[34mSELECT "schema_migrations"."version" FROM "schema_migrations" ORDER BY "schema_migrations"."version" ASC[0m
  
ArgumentError (wrong number of arguments (given 1, expected 0)):
  
app/controllers/application_controller.rb:3:in `<class:ApplicationController>'
app/controllers/application_controller.rb:1:in `<main>'
app/controllers/users/registrations_controller.rb:3:in `<main>'
Started POST "/users" for ::1 at 2024-10-19 01:28:18 -0700
  [1m[36mActiveRecord::SchemaMigration Load (0.2ms)[0m  [1m[34mSELECT "schema_migrations"."version" FROM "schema_migrations" ORDER BY "schema_migrations"."version" ASC[0m
Processing by Users::RegistrationsController#create as */*
Received parameters: #<ActionController::Parameters {"controller"=>"users/registrations", "action"=>"create"} permitted: false>
Completed 400 Bad Request in 4ms (ActiveRecord: 0.0ms (0 queries, 0 cached) | GC: 0.1ms)


  
ActionController::ParameterMissing (param is missing or the value is empty: user):
  
app/controllers/users/registrations_controller.rb:20:in `user_params'
app/controllers/users/registrations_controller.rb:6:in `create'
Started POST "/users" for ::1 at 2024-10-19 18:52:00 -0700
  [1m[36mActiveRecord::SchemaMigration Load (0.2ms)[0m  [1m[34mSELECT "schema_migrations"."version" FROM "schema_migrations" ORDER BY "schema_migrations"."version" ASC[0m
Processing by Users::RegistrationsController#create as */*
  Parameters: {"user"=>{"email"=>"[FILTERED]", "password"=>"[FILTERED]"}, "registration"=>{"user"=>{"email"=>"[FILTERED]", "password"=>"[FILTERED]"}}}
Received parameters: #<ActionController::Parameters {"user"=>{"email"=>"user@example.com", "password"=>"1234567"}, "controller"=>"users/registrations", "action"=>"create", "registration"=>{"user"=>{"email"=>"user@example.com", "password"=>"1234567"}}} permitted: false>
  [1m[36mTRANSACTION (0.0ms)[0m  [1m[36mbegin transaction[0m
  ↳ app/controllers/users/registrations_controller.rb:7:in `create'
  [1m[36mUser Exists? (0.8ms)[0m  [1m[34mSELECT 1 AS one FROM "users" WHERE "users"."email" = ? LIMIT ?[0m  [["email", "[FILTERED]"], ["LIMIT", 1]]
  ↳ app/controllers/users/registrations_controller.rb:7:in `create'
  [1m[36mTRANSACTION (0.0ms)[0m  [1m[31mrollback transaction[0m
  ↳ app/controllers/users/registrations_controller.rb:7:in `create'
Completed 500 Internal Server Error in 277ms (ActiveRecord: 1.7ms (1 query, 0 cached) | GC: 2.6ms)


  
NoMethodError (undefined method `jti=' for an instance of User):
  
app/controllers/users/registrations_controller.rb:7:in `create'
Started POST "/users" for ::1 at 2024-10-19 18:58:07 -0700
  [1m[36mActiveRecord::SchemaMigration Load (0.1ms)[0m  [1m[34mSELECT "schema_migrations"."version" FROM "schema_migrations" ORDER BY "schema_migrations"."version" ASC[0m
Processing by Users::RegistrationsController#create as */*
  Parameters: {"user"=>{"email"=>"[FILTERED]", "password"=>"[FILTERED]"}, "registration"=>{"user"=>{"email"=>"[FILTERED]", "password"=>"[FILTERED]"}}}
Received parameters: #<ActionController::Parameters {"user"=>{"email"=>"user@example.com", "password"=>"1234567"}, "controller"=>"users/registrations", "action"=>"create", "registration"=>{"user"=>{"email"=>"user@example.com", "password"=>"1234567"}}} permitted: false>
  [1m[36mTRANSACTION (0.0ms)[0m  [1m[36mbegin transaction[0m
  ↳ app/controllers/users/registrations_controller.rb:7:in `create'
  [1m[36mUser Exists? (1.1ms)[0m  [1m[34mSELECT 1 AS one FROM "users" WHERE "users"."email" = ? LIMIT ?[0m  [["email", "[FILTERED]"], ["LIMIT", 1]]
  ↳ app/controllers/users/registrations_controller.rb:7:in `create'
  [1m[36mTRANSACTION (0.0ms)[0m  [1m[31mrollback transaction[0m
  ↳ app/controllers/users/registrations_controller.rb:7:in `create'
Completed 500 Internal Server Error in 285ms (ActiveRecord: 1.8ms (1 query, 0 cached) | GC: 0.8ms)


  
NoMethodError (undefined method `jti=' for an instance of User):
  
app/controllers/users/registrations_controller.rb:7:in `create'
Started POST "/users" for ::1 at 2024-10-19 22:02:04 -0700
  [1m[36mActiveRecord::SchemaMigration Load (0.2ms)[0m  [1m[34mSELECT "schema_migrations"."version" FROM "schema_migrations" ORDER BY "schema_migrations"."version" ASC[0m
Processing by Users::RegistrationsController#create as */*
  Parameters: {"user"=>{"email"=>"[FILTERED]", "password"=>"[FILTERED]"}, "registration"=>{"user"=>{"email"=>"[FILTERED]", "password"=>"[FILTERED]"}}}
Received parameters: #<ActionController::Parameters {"user"=>{"email"=>"user@example.com", "password"=>"1234567"}, "controller"=>"users/registrations", "action"=>"create", "registration"=>{"user"=>{"email"=>"user@example.com", "password"=>"1234567"}}} permitted: false>
  [1m[36mTRANSACTION (0.0ms)[0m  [1m[36mbegin transaction[0m
  ↳ app/controllers/users/registrations_controller.rb:7:in `create'
  [1m[36mUser Exists? (1.0ms)[0m  [1m[34mSELECT 1 AS one FROM "users" WHERE "users"."email" = ? LIMIT ?[0m  [["email", "[FILTERED]"], ["LIMIT", 1]]
  ↳ app/controllers/users/registrations_controller.rb:7:in `create'
  [1m[36mTRANSACTION (0.0ms)[0m  [1m[31mrollback transaction[0m
  ↳ app/controllers/users/registrations_controller.rb:7:in `create'
Completed 500 Internal Server Error in 241ms (ActiveRecord: 1.6ms (1 query, 0 cached) | GC: 0.9ms)


  
NoMethodError (undefined method `jti=' for an instance of User):
  
app/controllers/users/registrations_controller.rb:7:in `create'
Started POST "/users" for ::1 at 2024-10-19 22:20:51 -0700
  [1m[36mActiveRecord::SchemaMigration Load (0.1ms)[0m  [1m[34mSELECT "schema_migrations"."version" FROM "schema_migrations" ORDER BY "schema_migrations"."version" ASC[0m
Processing by Users::RegistrationsController#create as */*
  Parameters: {"user"=>{"email"=>"[FILTERED]", "password"=>"[FILTERED]"}, "registration"=>{"user"=>{"email"=>"[FILTERED]", "password"=>"[FILTERED]"}}}
Received parameters: #<ActionController::Parameters {"user"=>{"email"=>"user@example.com", "password"=>"1234567"}, "controller"=>"users/registrations", "action"=>"create", "registration"=>{"user"=>{"email"=>"user@example.com", "password"=>"1234567"}}} permitted: false>
  [1m[36mTRANSACTION (0.0ms)[0m  [1m[36mbegin transaction[0m
  ↳ app/controllers/users/registrations_controller.rb:7:in `create'
  [1m[36mUser Exists? (0.9ms)[0m  [1m[34mSELECT 1 AS one FROM "users" WHERE "users"."email" = ? LIMIT ?[0m  [["email", "[FILTERED]"], ["LIMIT", 1]]
  ↳ app/controllers/users/registrations_controller.rb:7:in `create'
  [1m[36mTRANSACTION (0.0ms)[0m  [1m[31mrollback transaction[0m
  ↳ app/controllers/users/registrations_controller.rb:7:in `create'
Completed 500 Internal Server Error in 237ms (ActiveRecord: 1.8ms (1 query, 0 cached) | GC: 0.8ms)


  
NoMethodError (undefined method `jti=' for an instance of User):
  
app/controllers/users/registrations_controller.rb:7:in `create'
Started POST "/users" for ::1 at 2024-10-19 22:38:07 -0700
  [1m[36mActiveRecord::SchemaMigration Load (0.3ms)[0m  [1m[34mSELECT "schema_migrations"."version" FROM "schema_migrations" ORDER BY "schema_migrations"."version" ASC[0m
Processing by Users::RegistrationsController#create as */*
  Parameters: {"user"=>{"email"=>"[FILTERED]", "password"=>"[FILTERED]"}, "registration"=>{"user"=>{"email"=>"[FILTERED]", "password"=>"[FILTERED]"}}}
Received parameters: #<ActionController::Parameters {"user"=>{"email"=>"user1@example.com", "password"=>"1234567"}, "controller"=>"users/registrations", "action"=>"create", "registration"=>{"user"=>{"email"=>"user1@example.com", "password"=>"1234567"}}} permitted: false>
  [1m[36mTRANSACTION (0.0ms)[0m  [1m[36mbegin transaction[0m
  ↳ app/controllers/users/registrations_controller.rb:7:in `create'
  [1m[36mUser Exists? (1.0ms)[0m  [1m[34mSELECT 1 AS one FROM "users" WHERE "users"."email" = ? LIMIT ?[0m  [["email", "[FILTERED]"], ["LIMIT", 1]]
  ↳ app/controllers/users/registrations_controller.rb:7:in `create'
  [1m[36mTRANSACTION (0.0ms)[0m  [1m[31mrollback transaction[0m
  ↳ app/controllers/users/registrations_controller.rb:7:in `create'
Completed 500 Internal Server Error in 249ms (ActiveRecord: 1.8ms (1 query, 0 cached) | GC: 0.8ms)


  
NoMethodError (undefined method `jti=' for an instance of User):
  
app/controllers/users/registrations_controller.rb:7:in `create'
Started POST "/users" for ::1 at 2024-10-19 22:40:00 -0700
  [1m[36mActiveRecord::SchemaMigration Load (0.1ms)[0m  [1m[34mSELECT "schema_migrations"."version" FROM "schema_migrations" ORDER BY "schema_migrations"."version" ASC[0m
Processing by Users::RegistrationsController#create as */*
  Parameters: {"user"=>{"email"=>"[FILTERED]", "password"=>"[FILTERED]"}, "registration"=>{"user"=>{"email"=>"[FILTERED]", "password"=>"[FILTERED]"}}}
Received parameters: #<ActionController::Parameters {"user"=>{"email"=>"user2@example.com", "password"=>"1234567"}, "controller"=>"users/registrations", "action"=>"create", "registration"=>{"user"=>{"email"=>"user2@example.com", "password"=>"1234567"}}} permitted: false>
  [1m[36mTRANSACTION (0.0ms)[0m  [1m[36mbegin transaction[0m
  ↳ app/controllers/users/registrations_controller.rb:7:in `create'
  [1m[36mUser Exists? (1.1ms)[0m  [1m[34mSELECT 1 AS one FROM "users" WHERE "users"."email" = ? LIMIT ?[0m  [["email", "[FILTERED]"], ["LIMIT", 1]]
  ↳ app/controllers/users/registrations_controller.rb:7:in `create'
  [1m[36mTRANSACTION (0.0ms)[0m  [1m[31mrollback transaction[0m
  ↳ app/controllers/users/registrations_controller.rb:7:in `create'
Completed 500 Internal Server Error in 242ms (ActiveRecord: 1.8ms (1 query, 0 cached) | GC: 0.9ms)


  
NoMethodError (undefined method `jti=' for an instance of User):
  
app/controllers/users/registrations_controller.rb:7:in `create'
  [1m[36mActiveRecord::SchemaMigration Load (0.2ms)[0m  [1m[34mSELECT "schema_migrations"."version" FROM "schema_migrations" ORDER BY "schema_migrations"."version" ASC[0m
  [1m[36mActiveRecord::SchemaMigration Load (0.0ms)[0m  [1m[34mSELECT "schema_migrations"."version" FROM "schema_migrations" ORDER BY "schema_migrations"."version" ASC[0m
  [1m[36mActiveRecord::SchemaMigration Load (0.0ms)[0m  [1m[34mSELECT "schema_migrations"."version" FROM "schema_migrations" ORDER BY "schema_migrations"."version" ASC[0m
  [1m[36mActiveRecord::InternalMetadata Load (0.2ms)[0m  [1m[34mSELECT * FROM "ar_internal_metadata" WHERE "ar_internal_metadata"."key" = ? ORDER BY "ar_internal_metadata"."key" ASC LIMIT 1[0m  [[nil, "environment"]]
  [1m[36mActiveRecord::SchemaMigration Load (0.0ms)[0m  [1m[34mSELECT "schema_migrations"."version" FROM "schema_migrations" ORDER BY "schema_migrations"."version" ASC[0m
  [1m[36mActiveRecord::InternalMetadata Load (0.0ms)[0m  [1m[34mSELECT * FROM "ar_internal_metadata" WHERE "ar_internal_metadata"."key" = ? ORDER BY "ar_internal_metadata"."key" ASC LIMIT 1[0m  [[nil, "environment"]]
  [1m[36mActiveRecord::SchemaMigration Load (0.0ms)[0m  [1m[34mSELECT "schema_migrations"."version" FROM "schema_migrations" ORDER BY "schema_migrations"."version" ASC[0m
  [1m[36mActiveRecord::InternalMetadata Load (0.0ms)[0m  [1m[34mSELECT * FROM "ar_internal_metadata" WHERE "ar_internal_metadata"."key" = ? ORDER BY "ar_internal_metadata"."key" ASC LIMIT 1[0m  [[nil, "environment"]]
  [1m[35m (0.8ms)[0m  [1m[35mDROP TABLE IF EXISTS "users"[0m
  [1m[35m (0.1ms)[0m  [1m[35mCREATE TABLE "users" ("id" integer PRIMARY KEY AUTOINCREMENT NOT NULL, "email" varchar DEFAULT '' NOT NULL, "encrypted_password" varchar DEFAULT '' NOT NULL, "reset_password_token" varchar, "reset_password_sent_at" datetime(6), "remember_created_at" datetime(6), "created_at" datetime(6) NOT NULL, "updated_at" datetime(6) NOT NULL)[0m
  [1m[35m (0.1ms)[0m  [1m[35mCREATE UNIQUE INDEX "index_users_on_email" ON "users" ("email")[0m
  [1m[35m (0.0ms)[0m  [1m[35mCREATE UNIQUE INDEX "index_users_on_reset_password_token" ON "users" ("reset_password_token")[0m
  [1m[36mActiveRecord::SchemaMigration Load (0.0ms)[0m  [1m[34mSELECT "schema_migrations"."version" FROM "schema_migrations" ORDER BY "schema_migrations"."version" ASC[0m
  [1m[36mActiveRecord::InternalMetadata Load (0.0ms)[0m  [1m[34mSELECT * FROM "ar_internal_metadata" WHERE "ar_internal_metadata"."key" = ? ORDER BY "ar_internal_metadata"."key" ASC LIMIT 1[0m  [[nil, "environment"]]
  [1m[36mActiveRecord::InternalMetadata Load (0.0ms)[0m  [1m[34mSELECT * FROM "ar_internal_metadata" WHERE "ar_internal_metadata"."key" = ? ORDER BY "ar_internal_metadata"."key" ASC LIMIT 1[0m  [[nil, "environment"]]
  [1m[36mActiveRecord::InternalMetadata Load (0.0ms)[0m  [1m[34mSELECT * FROM "ar_internal_metadata" WHERE "ar_internal_metadata"."key" = ? ORDER BY "ar_internal_metadata"."key" ASC LIMIT 1[0m  [[nil, "schema_sha1"]]
  [1m[36mActiveRecord::InternalMetadata Update (0.0ms)[0m  [1m[33mUPDATE "ar_internal_metadata" SET "value" = '3845dfed998ce5e978bbcd74e6b6023680c1ea1b', "updated_at" = '2024-10-20 05:46:48.967602' WHERE "ar_internal_metadata"."key" = 'schema_sha1'[0m
  [1m[35m (1.0ms)[0m  [1m[35mDROP TABLE IF EXISTS "users"[0m
  [1m[35m (0.1ms)[0m  [1m[35mCREATE TABLE "users" ("id" integer PRIMARY KEY AUTOINCREMENT NOT NULL, "email" varchar DEFAULT '' NOT NULL, "encrypted_password" varchar DEFAULT '' NOT NULL, "reset_password_token" varchar, "reset_password_sent_at" datetime(6), "remember_created_at" datetime(6), "created_at" datetime(6) NOT NULL, "updated_at" datetime(6) NOT NULL)[0m
  [1m[35m (0.1ms)[0m  [1m[35mCREATE UNIQUE INDEX "index_users_on_email" ON "users" ("email")[0m
  [1m[35m (0.0ms)[0m  [1m[35mCREATE UNIQUE INDEX "index_users_on_reset_password_token" ON "users" ("reset_password_token")[0m
  [1m[36mActiveRecord::SchemaMigration Load (0.4ms)[0m  [1m[34mSELECT "schema_migrations"."version" FROM "schema_migrations" ORDER BY "schema_migrations"."version" ASC[0m
  [1m[36mActiveRecord::InternalMetadata Load (0.1ms)[0m  [1m[34mSELECT * FROM "ar_internal_metadata" WHERE "ar_internal_metadata"."key" = ? ORDER BY "ar_internal_metadata"."key" ASC LIMIT 1[0m  [[nil, "environment"]]
  [1m[36mActiveRecord::InternalMetadata Update (0.0ms)[0m  [1m[33mUPDATE "ar_internal_metadata" SET "value" = 'development', "updated_at" = '2024-10-20 05:46:48.972765' WHERE "ar_internal_metadata"."key" = 'environment'[0m
  [1m[36mActiveRecord::InternalMetadata Load (0.0ms)[0m  [1m[34mSELECT * FROM "ar_internal_metadata" WHERE "ar_internal_metadata"."key" = ? ORDER BY "ar_internal_metadata"."key" ASC LIMIT 1[0m  [[nil, "environment"]]
  [1m[36mActiveRecord::InternalMetadata Update (0.0ms)[0m  [1m[33mUPDATE "ar_internal_metadata" SET "value" = 'test', "updated_at" = '2024-10-20 05:46:48.973346' WHERE "ar_internal_metadata"."key" = 'environment'[0m
  [1m[36mActiveRecord::InternalMetadata Load (0.0ms)[0m  [1m[34mSELECT * FROM "ar_internal_metadata" WHERE "ar_internal_metadata"."key" = ? ORDER BY "ar_internal_metadata"."key" ASC LIMIT 1[0m  [[nil, "schema_sha1"]]
  [1m[36mActiveRecord::InternalMetadata Update (0.0ms)[0m  [1m[33mUPDATE "ar_internal_metadata" SET "value" = '3845dfed998ce5e978bbcd74e6b6023680c1ea1b', "updated_at" = '2024-10-20 05:46:48.973832' WHERE "ar_internal_metadata"."key" = 'schema_sha1'[0m
  [1m[36mActiveRecord::SchemaMigration Load (1.1ms)[0m  [1m[34mSELECT "schema_migrations"."version" FROM "schema_migrations" ORDER BY "schema_migrations"."version" ASC[0m
  [1m[36mActiveRecord::SchemaMigration Load (0.1ms)[0m  [1m[34mSELECT "schema_migrations"."version" FROM "schema_migrations" ORDER BY "schema_migrations"."version" ASC[0m
  [1m[36mActiveRecord::InternalMetadata Load (0.0ms)[0m  [1m[34mSELECT * FROM "ar_internal_metadata" WHERE "ar_internal_metadata"."key" = ? ORDER BY "ar_internal_metadata"."key" ASC LIMIT 1[0m  [[nil, "environment"]]
  [1m[36mActiveRecord::SchemaMigration Load (0.0ms)[0m  [1m[34mSELECT "schema_migrations"."version" FROM "schema_migrations" ORDER BY "schema_migrations"."version" ASC[0m
  [1m[36mActiveRecord::InternalMetadata Load (0.0ms)[0m  [1m[34mSELECT * FROM "ar_internal_metadata" WHERE "ar_internal_metadata"."key" = ? ORDER BY "ar_internal_metadata"."key" ASC LIMIT 1[0m  [[nil, "environment"]]
  [1m[36mActiveRecord::SchemaMigration Load (0.0ms)[0m  [1m[34mSELECT "schema_migrations"."version" FROM "schema_migrations" ORDER BY "schema_migrations"."version" ASC[0m
  [1m[36mActiveRecord::InternalMetadata Load (0.0ms)[0m  [1m[34mSELECT * FROM "ar_internal_metadata" WHERE "ar_internal_metadata"."key" = ? ORDER BY "ar_internal_metadata"."key" ASC LIMIT 1[0m  [[nil, "environment"]]
  [1m[35m (0.3ms)[0m  [1m[35mDROP TABLE IF EXISTS "users"[0m
  [1m[35m (0.1ms)[0m  [1m[35mCREATE TABLE "users" ("id" integer PRIMARY KEY AUTOINCREMENT NOT NULL, "email" varchar DEFAULT '' NOT NULL, "encrypted_password" varchar DEFAULT '' NOT NULL, "reset_password_token" varchar, "reset_password_sent_at" datetime(6), "remember_created_at" datetime(6), "created_at" datetime(6) NOT NULL, "updated_at" datetime(6) NOT NULL)[0m
  [1m[35m (0.1ms)[0m  [1m[35mCREATE UNIQUE INDEX "index_users_on_email" ON "users" ("email")[0m
  [1m[35m (0.0ms)[0m  [1m[35mCREATE UNIQUE INDEX "index_users_on_reset_password_token" ON "users" ("reset_password_token")[0m
  [1m[36mActiveRecord::SchemaMigration Load (0.0ms)[0m  [1m[34mSELECT "schema_migrations"."version" FROM "schema_migrations" ORDER BY "schema_migrations"."version" ASC[0m
  [1m[36mActiveRecord::InternalMetadata Load (0.0ms)[0m  [1m[34mSELECT * FROM "ar_internal_metadata" WHERE "ar_internal_metadata"."key" = ? ORDER BY "ar_internal_metadata"."key" ASC LIMIT 1[0m  [[nil, "environment"]]
  [1m[36mActiveRecord::InternalMetadata Load (0.0ms)[0m  [1m[34mSELECT * FROM "ar_internal_metadata" WHERE "ar_internal_metadata"."key" = ? ORDER BY "ar_internal_metadata"."key" ASC LIMIT 1[0m  [[nil, "environment"]]
  [1m[36mActiveRecord::InternalMetadata Load (0.0ms)[0m  [1m[34mSELECT * FROM "ar_internal_metadata" WHERE "ar_internal_metadata"."key" = ? ORDER BY "ar_internal_metadata"."key" ASC LIMIT 1[0m  [[nil, "schema_sha1"]]
  [1m[35m (1.0ms)[0m  [1m[35mDROP TABLE IF EXISTS "users"[0m
  [1m[35m (0.1ms)[0m  [1m[35mCREATE TABLE "users" ("id" integer PRIMARY KEY AUTOINCREMENT NOT NULL, "email" varchar DEFAULT '' NOT NULL, "encrypted_password" varchar DEFAULT '' NOT NULL, "reset_password_token" varchar, "reset_password_sent_at" datetime(6), "remember_created_at" datetime(6), "created_at" datetime(6) NOT NULL, "updated_at" datetime(6) NOT NULL)[0m
  [1m[35m (0.1ms)[0m  [1m[35mCREATE UNIQUE INDEX "index_users_on_email" ON "users" ("email")[0m
  [1m[35m (0.0ms)[0m  [1m[35mCREATE UNIQUE INDEX "index_users_on_reset_password_token" ON "users" ("reset_password_token")[0m
  [1m[36mActiveRecord::SchemaMigration Load (0.3ms)[0m  [1m[34mSELECT "schema_migrations"."version" FROM "schema_migrations" ORDER BY "schema_migrations"."version" ASC[0m
  [1m[36mActiveRecord::InternalMetadata Load (0.1ms)[0m  [1m[34mSELECT * FROM "ar_internal_metadata" WHERE "ar_internal_metadata"."key" = ? ORDER BY "ar_internal_metadata"."key" ASC LIMIT 1[0m  [[nil, "environment"]]
  [1m[36mActiveRecord::InternalMetadata Update (0.0ms)[0m  [1m[33mUPDATE "ar_internal_metadata" SET "value" = 'development', "updated_at" = '2024-10-20 05:50:52.028607' WHERE "ar_internal_metadata"."key" = 'environment'[0m
  [1m[36mActiveRecord::InternalMetadata Load (0.0ms)[0m  [1m[34mSELECT * FROM "ar_internal_metadata" WHERE "ar_internal_metadata"."key" = ? ORDER BY "ar_internal_metadata"."key" ASC LIMIT 1[0m  [[nil, "environment"]]
  [1m[36mActiveRecord::InternalMetadata Update (0.0ms)[0m  [1m[33mUPDATE "ar_internal_metadata" SET "value" = 'test', "updated_at" = '2024-10-20 05:50:52.029225' WHERE "ar_internal_metadata"."key" = 'environment'[0m
  [1m[36mActiveRecord::InternalMetadata Load (0.0ms)[0m  [1m[34mSELECT * FROM "ar_internal_metadata" WHERE "ar_internal_metadata"."key" = ? ORDER BY "ar_internal_metadata"."key" ASC LIMIT 1[0m  [[nil, "schema_sha1"]]
  [1m[36mActiveRecord::SchemaMigration Load (0.4ms)[0m  [1m[34mSELECT "schema_migrations"."version" FROM "schema_migrations" ORDER BY "schema_migrations"."version" ASC[0m
  [1m[36mActiveRecord::SchemaMigration Load (0.0ms)[0m  [1m[34mSELECT "schema_migrations"."version" FROM "schema_migrations" ORDER BY "schema_migrations"."version" ASC[0m
  [1m[36mActiveRecord::SchemaMigration Load (0.0ms)[0m  [1m[34mSELECT "schema_migrations"."version" FROM "schema_migrations" ORDER BY "schema_migrations"."version" ASC[0m
  [1m[36mActiveRecord::SchemaMigration Load (0.0ms)[0m  [1m[34mSELECT "schema_migrations"."version" FROM "schema_migrations" ORDER BY "schema_migrations"."version" ASC[0m
Migrating to AddJtiToUsers (20241016070551)
  [1m[36mTRANSACTION (0.0ms)[0m  [1m[36mbegin transaction[0m
  [1m[36mTRANSACTION (0.0ms)[0m  [1m[31mrollback transaction[0m
  [1m[36mActiveRecord::SchemaMigration Load (0.2ms)[0m  [1m[34mSELECT "schema_migrations"."version" FROM "schema_migrations" ORDER BY "schema_migrations"."version" ASC[0m
  [1m[36mActiveRecord::InternalMetadata Load (0.3ms)[0m  [1m[34mSELECT * FROM "ar_internal_metadata" WHERE "ar_internal_metadata"."key" = ? ORDER BY "ar_internal_metadata"."key" ASC LIMIT 1[0m  [[nil, "environment"]]
  [1m[36mActiveRecord::SchemaMigration Load (0.0ms)[0m  [1m[34mSELECT "schema_migrations"."version" FROM "schema_migrations" ORDER BY "schema_migrations"."version" ASC[0m
Migrating to AddJtiToUsers (20241020190915)
  [1m[36mTRANSACTION (0.0ms)[0m  [1m[36mbegin transaction[0m
  [1m[35m (0.0ms)[0m  [1m[35mPRAGMA foreign_keys[0m
  [1m[35m (0.0ms)[0m  [1m[35mPRAGMA defer_foreign_keys[0m
  [1m[35m (0.0ms)[0m  [1m[35mPRAGMA defer_foreign_keys = ON[0m
  [1m[35m (0.0ms)[0m  [1m[35mPRAGMA foreign_keys = OFF[0m
  [1m[35m (0.3ms)[0m  [1m[35mCREATE TEMPORARY TABLE "ausers" ("id" integer PRIMARY KEY AUTOINCREMENT NOT NULL, "email" varchar DEFAULT '' NOT NULL, "encrypted_password" varchar DEFAULT '' NOT NULL, "reset_password_token" varchar, "reset_password_sent_at" datetime(6), "remember_created_at" datetime(6), "created_at" datetime(6) NOT NULL, "updated_at" datetime(6) NOT NULL)[0m
  [1m[35m (0.0ms)[0m  [1m[35mCREATE UNIQUE INDEX "tindex_ausers_on_reset_password_token" ON "ausers" ("reset_password_token")[0m
  [1m[35m (0.0ms)[0m  [1m[35mCREATE UNIQUE INDEX "tindex_ausers_on_email" ON "ausers" ("email")[0m
  [1m[35m (0.0ms)[0m  [1m[32mINSERT INTO "ausers" ("id","email","encrypted_password","reset_password_token","reset_password_sent_at","remember_created_at","created_at","updated_at")
                     SELECT "id","email","encrypted_password","reset_password_token","reset_password_sent_at","remember_created_at","created_at","updated_at" FROM "users"[0m
  [1m[35m (0.2ms)[0m  [1m[35mDROP TABLE "users"[0m
  [1m[35m (0.0ms)[0m  [1m[35mCREATE TABLE "users" ("id" integer PRIMARY KEY AUTOINCREMENT NOT NULL, "email" varchar DEFAULT '' NOT NULL, "encrypted_password" varchar DEFAULT '' NOT NULL, "reset_password_token" varchar, "reset_password_sent_at" datetime(6), "remember_created_at" datetime(6), "created_at" datetime(6) NOT NULL, "updated_at" datetime(6) NOT NULL, "jti" varchar NOT NULL)[0m
  [1m[35m (0.0ms)[0m  [1m[35mCREATE UNIQUE INDEX "index_users_on_email" ON "users" ("email")[0m
  [1m[35m (0.0ms)[0m  [1m[35mCREATE UNIQUE INDEX "index_users_on_reset_password_token" ON "users" ("reset_password_token")[0m
  [1m[35m (0.0ms)[0m  [1m[32mINSERT INTO "users" ("id","email","encrypted_password","reset_password_token","reset_password_sent_at","remember_created_at","created_at","updated_at")
                     SELECT "id","email","encrypted_password","reset_password_token","reset_password_sent_at","remember_created_at","created_at","updated_at" FROM "ausers"[0m
  [1m[35m (0.0ms)[0m  [1m[35mDROP TABLE "ausers"[0m
  [1m[35m (0.0ms)[0m  [1m[35mPRAGMA defer_foreign_keys = 0[0m
  [1m[35m (0.0ms)[0m  [1m[35mPRAGMA foreign_keys = 1[0m
  [1m[35m (0.1ms)[0m  [1m[35mCREATE UNIQUE INDEX "index_users_on_jti" ON "users" ("jti")[0m
  [1m[36mActiveRecord::SchemaMigration Create (0.0ms)[0m  [1m[32mINSERT INTO "schema_migrations" ("version") VALUES ('20241020190915') RETURNING "version"[0m
  [1m[36mTRANSACTION (0.2ms)[0m  [1m[36mcommit transaction[0m
  [1m[36mActiveRecord::SchemaMigration Load (0.0ms)[0m  [1m[34mSELECT "schema_migrations"."version" FROM "schema_migrations" ORDER BY "schema_migrations"."version" ASC[0m
Started POST "/users" for ::1 at 2024-10-20 12:16:52 -0700
  [1m[36mActiveRecord::SchemaMigration Load (0.4ms)[0m  [1m[34mSELECT "schema_migrations"."version" FROM "schema_migrations" ORDER BY "schema_migrations"."version" ASC[0m
Processing by Users::RegistrationsController#create as */*
  Parameters: {"user"=>{"email"=>"[FILTERED]", "password"=>"[FILTERED]"}, "registration"=>{"user"=>{"email"=>"[FILTERED]", "password"=>"[FILTERED]"}}}
Received parameters: #<ActionController::Parameters {"user"=>{"email"=>"user1@example.com", "password"=>"1234567"}, "controller"=>"users/registrations", "action"=>"create", "registration"=>{"user"=>{"email"=>"user1@example.com", "password"=>"1234567"}}} permitted: false>
  [1m[36mTRANSACTION (0.0ms)[0m  [1m[36mbegin transaction[0m
  ↳ app/controllers/users/registrations_controller.rb:7:in `create'
  [1m[36mUser Exists? (1.3ms)[0m  [1m[34mSELECT 1 AS one FROM "users" WHERE "users"."email" = ? LIMIT ?[0m  [["email", "[FILTERED]"], ["LIMIT", 1]]
  ↳ app/controllers/users/registrations_controller.rb:7:in `create'
  [1m[36mUser Create (0.5ms)[0m  [1m[32mINSERT INTO "users" ("email", "encrypted_password", "reset_password_token", "reset_password_sent_at", "remember_created_at", "created_at", "updated_at", "jti") VALUES (?, ?, ?, ?, ?, ?, ?, ?) RETURNING "id"[0m  [["email", "[FILTERED]"], ["encrypted_password", "[FILTERED]"], ["reset_password_token", "[FILTERED]"], ["reset_password_sent_at", "[FILTERED]"], ["remember_created_at", nil], ["created_at", "2024-10-20 19:16:52.450767"], ["updated_at", "2024-10-20 19:16:52.450767"], ["jti", "abe3d3fe-87ee-44ad-bb0f-b36eb13a625b"]]
  ↳ app/controllers/users/registrations_controller.rb:7:in `create'
  [1m[36mTRANSACTION (0.2ms)[0m  [1m[36mcommit transaction[0m
  ↳ app/controllers/users/registrations_controller.rb:7:in `create'
Completed 201 Created in 247ms (Views: 0.1ms | ActiveRecord: 2.7ms (2 queries, 0 cached) | GC: 1.0ms)


Started POST "/users" for ::1 at 2024-10-20 12:28:47 -0700
  [1m[36mActiveRecord::SchemaMigration Load (0.1ms)[0m  [1m[34mSELECT "schema_migrations"."version" FROM "schema_migrations" ORDER BY "schema_migrations"."version" ASC[0m
Processing by Users::RegistrationsController#create as */*
  Parameters: {"user"=>{"email"=>"[FILTERED]", "password"=>"[FILTERED]"}, "registration"=>{"user"=>{"email"=>"[FILTERED]", "password"=>"[FILTERED]"}}}
Received parameters: #<ActionController::Parameters {"user"=>{"email"=>"user2@example.com", "password"=>"1234567"}, "controller"=>"users/registrations", "action"=>"create", "registration"=>{"user"=>{"email"=>"user2@example.com", "password"=>"1234567"}}} permitted: false>
  [1m[36mTRANSACTION (0.0ms)[0m  [1m[36mbegin transaction[0m
  ↳ app/controllers/users/registrations_controller.rb:7:in `create'
  [1m[36mUser Exists? (0.5ms)[0m  [1m[34mSELECT 1 AS one FROM "users" WHERE "users"."email" = ? LIMIT ?[0m  [["email", "[FILTERED]"], ["LIMIT", 1]]
  ↳ app/controllers/users/registrations_controller.rb:7:in `create'
  [1m[36mUser Create (0.1ms)[0m  [1m[32mINSERT INTO "users" ("email", "encrypted_password", "reset_password_token", "reset_password_sent_at", "remember_created_at", "created_at", "updated_at", "jti") VALUES (?, ?, ?, ?, ?, ?, ?, ?) RETURNING "id"[0m  [["email", "[FILTERED]"], ["encrypted_password", "[FILTERED]"], ["reset_password_token", "[FILTERED]"], ["reset_password_sent_at", "[FILTERED]"], ["remember_created_at", nil], ["created_at", "2024-10-20 19:28:48.285097"], ["updated_at", "2024-10-20 19:28:48.285097"], ["jti", "e1514f3b-0344-4b90-a136-17779cb7c4a9"]]
  ↳ app/controllers/users/registrations_controller.rb:7:in `create'
  [1m[36mTRANSACTION (0.2ms)[0m  [1m[36mcommit transaction[0m
  ↳ app/controllers/users/registrations_controller.rb:7:in `create'
Completed 201 Created in 263ms (Views: 0.1ms | ActiveRecord: 1.5ms (2 queries, 0 cached) | GC: 14.3ms)


Started POST "/users" for ::1 at 2024-10-20 23:32:26 -0700
  [1m[36mActiveRecord::SchemaMigration Load (0.1ms)[0m  [1m[34mSELECT "schema_migrations"."version" FROM "schema_migrations" ORDER BY "schema_migrations"."version" ASC[0m
Processing by Users::RegistrationsController#create as */*
  Parameters: {"user"=>{"email"=>"[FILTERED]", "password"=>"[FILTERED]"}, "registration"=>{"user"=>{"email"=>"[FILTERED]", "password"=>"[FILTERED]"}}}
Received parameters: #<ActionController::Parameters {"user"=>{"email"=>"user@example.com", "password"=>"1234567"}, "controller"=>"users/registrations", "action"=>"create", "registration"=>{"user"=>{"email"=>"user@example.com", "password"=>"1234567"}}} permitted: false>
  [1m[36mTRANSACTION (0.0ms)[0m  [1m[36mbegin transaction[0m
  ↳ app/controllers/users/registrations_controller.rb:7:in `create'
  [1m[36mUser Exists? (6.8ms)[0m  [1m[34mSELECT 1 AS one FROM "users" WHERE "users"."email" = ? LIMIT ?[0m  [["email", "[FILTERED]"], ["LIMIT", 1]]
  ↳ app/controllers/users/registrations_controller.rb:7:in `create'
  [1m[36mUser Create (0.5ms)[0m  [1m[32mINSERT INTO "users" ("email", "encrypted_password", "reset_password_token", "reset_password_sent_at", "remember_created_at", "created_at", "updated_at", "jti") VALUES (?, ?, ?, ?, ?, ?, ?, ?) RETURNING "id"[0m  [["email", "[FILTERED]"], ["encrypted_password", "[FILTERED]"], ["reset_password_token", "[FILTERED]"], ["reset_password_sent_at", "[FILTERED]"], ["remember_created_at", nil], ["created_at", "2024-10-21 06:32:27.094609"], ["updated_at", "2024-10-21 06:32:27.094609"], ["jti", "7386d2ea-3837-4f72-a64d-50f1f123cb49"]]
  ↳ app/controllers/users/registrations_controller.rb:7:in `create'
  [1m[36mTRANSACTION (0.2ms)[0m  [1m[36mcommit transaction[0m
  ↳ app/controllers/users/registrations_controller.rb:7:in `create'
Completed 201 Created in 240ms (Views: 0.1ms | ActiveRecord: 9.7ms (2 queries, 0 cached) | GC: 6.4ms)


Started POST "/users" for ::1 at 2024-10-20 23:37:28 -0700
Processing by Users::RegistrationsController#create as */*
  Parameters: {"user"=>{"email"=>"[FILTERED]", "password"=>"[FILTERED]"}, "registration"=>{"user"=>{"email"=>"[FILTERED]", "password"=>"[FILTERED]"}}}
Received parameters: #<ActionController::Parameters {"user"=>{"email"=>"user@example.com", "password"=>"1234567"}, "controller"=>"users/registrations", "action"=>"create", "registration"=>{"user"=>{"email"=>"user@example.com", "password"=>"1234567"}}} permitted: false>
  [1m[36mTRANSACTION (0.1ms)[0m  [1m[36mbegin transaction[0m
  ↳ app/controllers/users/registrations_controller.rb:7:in `create'
  [1m[36mUser Exists? (2.0ms)[0m  [1m[34mSELECT 1 AS one FROM "users" WHERE "users"."email" = ? LIMIT ?[0m  [["email", "[FILTERED]"], ["LIMIT", 1]]
  ↳ app/controllers/users/registrations_controller.rb:7:in `create'
  [1m[36mTRANSACTION (0.1ms)[0m  [1m[31mrollback transaction[0m
  ↳ app/controllers/users/registrations_controller.rb:7:in `create'
Validation errors: ["Email has already been taken"]
Completed 422 Unprocessable Content in 253ms (Views: 2.2ms | ActiveRecord: 2.1ms (1 query, 0 cached) | GC: 4.0ms)


Started POST "/users" for ::1 at 2024-10-20 23:37:34 -0700
Processing by Users::RegistrationsController#create as */*
  Parameters: {"user"=>{"email"=>"[FILTERED]", "password"=>"[FILTERED]"}, "registration"=>{"user"=>{"email"=>"[FILTERED]", "password"=>"[FILTERED]"}}}
Received parameters: #<ActionController::Parameters {"user"=>{"email"=>"user1@example.com", "password"=>"1234567"}, "controller"=>"users/registrations", "action"=>"create", "registration"=>{"user"=>{"email"=>"user1@example.com", "password"=>"1234567"}}} permitted: false>
  [1m[36mTRANSACTION (0.0ms)[0m  [1m[36mbegin transaction[0m
  ↳ app/controllers/users/registrations_controller.rb:7:in `create'
  [1m[36mUser Exists? (1.6ms)[0m  [1m[34mSELECT 1 AS one FROM "users" WHERE "users"."email" = ? LIMIT ?[0m  [["email", "[FILTERED]"], ["LIMIT", 1]]
  ↳ app/controllers/users/registrations_controller.rb:7:in `create'
  [1m[36mTRANSACTION (0.0ms)[0m  [1m[31mrollback transaction[0m
  ↳ app/controllers/users/registrations_controller.rb:7:in `create'
Validation errors: ["Email has already been taken"]
Completed 422 Unprocessable Content in 247ms (Views: 0.5ms | ActiveRecord: 1.7ms (1 query, 0 cached) | GC: 9.3ms)


Started POST "/users" for ::1 at 2024-10-20 23:37:42 -0700
Processing by Users::RegistrationsController#create as */*
  Parameters: {"user"=>{"email"=>"[FILTERED]", "password"=>"[FILTERED]"}, "registration"=>{"user"=>{"email"=>"[FILTERED]", "password"=>"[FILTERED]"}}}
Received parameters: #<ActionController::Parameters {"user"=>{"email"=>"user17@example.com", "password"=>"1234567"}, "controller"=>"users/registrations", "action"=>"create", "registration"=>{"user"=>{"email"=>"user17@example.com", "password"=>"1234567"}}} permitted: false>
  [1m[36mTRANSACTION (0.0ms)[0m  [1m[36mbegin transaction[0m
  ↳ app/controllers/users/registrations_controller.rb:7:in `create'
  [1m[36mUser Exists? (3.4ms)[0m  [1m[34mSELECT 1 AS one FROM "users" WHERE "users"."email" = ? LIMIT ?[0m  [["email", "[FILTERED]"], ["LIMIT", 1]]
  ↳ app/controllers/users/registrations_controller.rb:7:in `create'
  [1m[36mUser Create (0.1ms)[0m  [1m[32mINSERT INTO "users" ("email", "encrypted_password", "reset_password_token", "reset_password_sent_at", "remember_created_at", "created_at", "updated_at", "jti") VALUES (?, ?, ?, ?, ?, ?, ?, ?) RETURNING "id"[0m  [["email", "[FILTERED]"], ["encrypted_password", "[FILTERED]"], ["reset_password_token", "[FILTERED]"], ["reset_password_sent_at", "[FILTERED]"], ["remember_created_at", nil], ["created_at", "2024-10-21 06:37:42.840717"], ["updated_at", "2024-10-21 06:37:42.840717"], ["jti", "9d6c1661-b4f7-44f0-a7f3-464b7ece18bb"]]
  ↳ app/controllers/users/registrations_controller.rb:7:in `create'
  [1m[36mTRANSACTION (0.5ms)[0m  [1m[36mcommit transaction[0m
  ↳ app/controllers/users/registrations_controller.rb:7:in `create'
Completed 201 Created in 239ms (Views: 0.1ms | ActiveRecord: 4.0ms (2 queries, 0 cached) | GC: 3.1ms)


  [1m[36mActiveRecord::SchemaMigration Load (1.5ms)[0m  [1m[34mSELECT "schema_migrations"."version" FROM "schema_migrations" ORDER BY "schema_migrations"."version" ASC[0m
  [1m[36mActiveRecord::InternalMetadata Load (1.5ms)[0m  [1m[34mSELECT * FROM "ar_internal_metadata" WHERE "ar_internal_metadata"."key" = ? ORDER BY "ar_internal_metadata"."key" ASC LIMIT 1[0m  [[nil, "environment"]]
  [1m[36mActiveRecord::SchemaMigration Load (0.0ms)[0m  [1m[34mSELECT "schema_migrations"."version" FROM "schema_migrations" ORDER BY "schema_migrations"."version" ASC[0m
  [1m[36mActiveRecord::InternalMetadata Load (0.0ms)[0m  [1m[34mSELECT * FROM "ar_internal_metadata" WHERE "ar_internal_metadata"."key" = ? ORDER BY "ar_internal_metadata"."key" ASC LIMIT 1[0m  [[nil, "environment"]]
  [1m[36mActiveRecord::SchemaMigration Load (0.0ms)[0m  [1m[34mSELECT "schema_migrations"."version" FROM "schema_migrations" ORDER BY "schema_migrations"."version" ASC[0m
  [1m[36mActiveRecord::InternalMetadata Load (0.0ms)[0m  [1m[34mSELECT * FROM "ar_internal_metadata" WHERE "ar_internal_metadata"."key" = ? ORDER BY "ar_internal_metadata"."key" ASC LIMIT 1[0m  [[nil, "environment"]]
  [1m[35m (0.2ms)[0m  [1m[35mDROP TABLE IF EXISTS "users"[0m
  [1m[35m (0.2ms)[0m  [1m[35mCREATE TABLE "users" ("id" integer PRIMARY KEY AUTOINCREMENT NOT NULL, "email" varchar DEFAULT '' NOT NULL, "encrypted_password" varchar DEFAULT '' NOT NULL, "reset_password_token" varchar, "reset_password_sent_at" datetime(6), "remember_created_at" datetime(6), "created_at" datetime(6) NOT NULL, "updated_at" datetime(6) NOT NULL, "jti" varchar NOT NULL)[0m
  [1m[35m (0.1ms)[0m  [1m[35mCREATE UNIQUE INDEX "index_users_on_email" ON "users" ("email")[0m
  [1m[35m (0.8ms)[0m  [1m[35mCREATE UNIQUE INDEX "index_users_on_jti" ON "users" ("jti")[0m
  [1m[35m (0.0ms)[0m  [1m[35mCREATE UNIQUE INDEX "index_users_on_reset_password_token" ON "users" ("reset_password_token")[0m
  [1m[35m (0.1ms)[0m  [1m[35mCREATE TABLE "schema_migrations" ("version" varchar NOT NULL PRIMARY KEY)[0m
  [1m[36mActiveRecord::SchemaMigration Load (0.0ms)[0m  [1m[34mSELECT "schema_migrations"."version" FROM "schema_migrations" ORDER BY "schema_migrations"."version" ASC[0m
  [1m[35m (0.0ms)[0m  [1m[32mINSERT INTO "schema_migrations" (version) VALUES (20241020190915)[0m
  [1m[35m (0.1ms)[0m  [1m[35mCREATE TABLE "ar_internal_metadata" ("key" varchar NOT NULL PRIMARY KEY, "value" varchar, "created_at" datetime(6) NOT NULL, "updated_at" datetime(6) NOT NULL)[0m
  [1m[36mActiveRecord::InternalMetadata Load (0.0ms)[0m  [1m[34mSELECT * FROM "ar_internal_metadata" WHERE "ar_internal_metadata"."key" = ? ORDER BY "ar_internal_metadata"."key" ASC LIMIT 1[0m  [[nil, "environment"]]
  [1m[36mActiveRecord::InternalMetadata Create (0.4ms)[0m  [1m[32mINSERT INTO "ar_internal_metadata" ("key", "value", "created_at", "updated_at") VALUES ('environment', 'development', '2024-12-22 07:13:30.780157', '2024-12-22 07:13:30.780158') RETURNING "key"[0m
  [1m[36mActiveRecord::InternalMetadata Load (0.0ms)[0m  [1m[34mSELECT * FROM "ar_internal_metadata" WHERE "ar_internal_metadata"."key" = ? ORDER BY "ar_internal_metadata"."key" ASC LIMIT 1[0m  [[nil, "environment"]]
  [1m[36mActiveRecord::InternalMetadata Update (0.0ms)[0m  [1m[33mUPDATE "ar_internal_metadata" SET "value" = 'test', "updated_at" = '2024-12-22 07:13:30.781256' WHERE "ar_internal_metadata"."key" = 'environment'[0m
  [1m[36mActiveRecord::InternalMetadata Load (0.0ms)[0m  [1m[34mSELECT * FROM "ar_internal_metadata" WHERE "ar_internal_metadata"."key" = ? ORDER BY "ar_internal_metadata"."key" ASC LIMIT 1[0m  [[nil, "schema_sha1"]]
  [1m[36mActiveRecord::InternalMetadata Create (0.1ms)[0m  [1m[32mINSERT INTO "ar_internal_metadata" ("key", "value", "created_at", "updated_at") VALUES ('schema_sha1', '405d78924924f860ccdeddc406957f01e077da68', '2024-12-22 07:13:30.782696', '2024-12-22 07:13:30.782697') RETURNING "key"[0m
Started GET "/" for 127.0.0.1 at 2025-01-06 16:23:38 -0800
  [1m[36mActiveRecord::SchemaMigration Load (0.5ms)[0m  [1m[34mSELECT "schema_migrations"."version" FROM "schema_migrations" ORDER BY "schema_migrations"."version" ASC[0m
Processing by Rails::WelcomeController#index as HTML
  Rendering /Users/jash/.asdf/installs/ruby/3.3.4/lib/ruby/gems/3.3.0/gems/railties-7.2.1.1/lib/rails/templates/rails/welcome/index.html.erb
  Rendered /Users/jash/.asdf/installs/ruby/3.3.4/lib/ruby/gems/3.3.0/gems/railties-7.2.1.1/lib/rails/templates/rails/welcome/index.html.erb (Duration: 0.3ms | GC: 0.0ms)
Completed 200 OK in 14ms (Views: 3.9ms | ActiveRecord: 0.0ms (0 queries, 0 cached) | GC: 0.0ms)


Started GET "/icon.png" for 127.0.0.1 at 2025-01-06 16:23:38 -0800
  
ActionController::RoutingError (No route matches [GET] "/icon.png"):
  
Started GET "/icon.png" for 127.0.0.1 at 2025-01-06 16:23:38 -0800
  
ActionController::RoutingError (No route matches [GET] "/icon.png"):
  
Started GET "/" for 127.0.0.1 at 2025-01-07 19:22:13 -0800
  [1m[36mActiveRecord::SchemaMigration Load (0.3ms)[0m  [1m[34mSELECT "schema_migrations"."version" FROM "schema_migrations" ORDER BY "schema_migrations"."version" ASC[0m
Processing by Rails::WelcomeController#index as HTML
  Rendering /Users/jash/.asdf/installs/ruby/3.3.4/lib/ruby/gems/3.3.0/gems/railties-7.2.1.1/lib/rails/templates/rails/welcome/index.html.erb
  Rendered /Users/jash/.asdf/installs/ruby/3.3.4/lib/ruby/gems/3.3.0/gems/railties-7.2.1.1/lib/rails/templates/rails/welcome/index.html.erb (Duration: 0.9ms | GC: 0.0ms)
Completed 200 OK in 11ms (Views: 2.9ms | ActiveRecord: 0.0ms (0 queries, 0 cached) | GC: 0.0ms)


Started GET "/icon.png" for 127.0.0.1 at 2025-01-07 19:22:13 -0800
  
ActionController::RoutingError (No route matches [GET] "/icon.png"):
  
Started GET "/icon.png" for 127.0.0.1 at 2025-01-07 19:22:13 -0800
  
ActionController::RoutingError (No route matches [GET] "/icon.png"):
  
Started GET "/" for 127.0.0.1 at 2025-01-11 13:56:05 -0800
  [1m[36mActiveRecord::SchemaMigration Load (0.3ms)[0m  [1m[34mSELECT "schema_migrations"."version" FROM "schema_migrations" ORDER BY "schema_migrations"."version" ASC[0m
Processing by Rails::WelcomeController#index as HTML
  Rendering /Users/jash/.asdf/installs/ruby/3.3.4/lib/ruby/gems/3.3.0/gems/railties-7.2.1.1/lib/rails/templates/rails/welcome/index.html.erb
  Rendered /Users/jash/.asdf/installs/ruby/3.3.4/lib/ruby/gems/3.3.0/gems/railties-7.2.1.1/lib/rails/templates/rails/welcome/index.html.erb (Duration: 0.3ms | GC: 0.0ms)
Completed 200 OK in 7ms (Views: 1.5ms | ActiveRecord: 0.0ms (0 queries, 0 cached) | GC: 0.0ms)


Started GET "/icon.png" for 127.0.0.1 at 2025-01-11 13:56:05 -0800
  
ActionController::RoutingError (No route matches [GET] "/icon.png"):
  
Started GET "/icon.png" for 127.0.0.1 at 2025-01-11 13:56:05 -0800
  
ActionController::RoutingError (No route matches [GET] "/icon.png"):
  
Started GET "/" for 127.0.0.1 at 2025-07-08 18:55:19 -0400
  [1m[36mActiveRecord::SchemaMigration Load (0.2ms)[0m  [1m[34mSELECT "schema_migrations"."version" FROM "schema_migrations" ORDER BY "schema_migrations"."version" ASC[0m
Processing by Rails::WelcomeController#index as HTML
  Rendering /Users/jash/.asdf/installs/ruby/3.3.4/lib/ruby/gems/3.3.0/gems/railties-7.2.1.1/lib/rails/templates/rails/welcome/index.html.erb
  Rendered /Users/jash/.asdf/installs/ruby/3.3.4/lib/ruby/gems/3.3.0/gems/railties-7.2.1.1/lib/rails/templates/rails/welcome/index.html.erb (Duration: 0.8ms | GC: 0.0ms)
Completed 200 OK in 12ms (Views: 2.6ms | ActiveRecord: 0.0ms (0 queries, 0 cached) | GC: 0.0ms)


Started GET "/icon.png" for 127.0.0.1 at 2025-07-08 18:55:19 -0400
  
ActionController::RoutingError (No route matches [GET] "/icon.png"):
  
Started GET "/icon.png" for 127.0.0.1 at 2025-07-08 18:55:19 -0400
  
ActionController::RoutingError (No route matches [GET] "/icon.png"):
  
Started GET "/" for 127.0.0.1 at 2025-07-08 18:55:55 -0400
  [1m[36mActiveRecord::SchemaMigration Load (0.4ms)[0m  [1m[34mSELECT "schema_migrations"."version" FROM "schema_migrations" ORDER BY "schema_migrations"."version" ASC[0m
Processing by Rails::WelcomeController#index as HTML
  Rendering /Users/jash/.asdf/installs/ruby/3.3.4/lib/ruby/gems/3.3.0/gems/railties-7.2.1.1/lib/rails/templates/rails/welcome/index.html.erb
  Rendered /Users/jash/.asdf/installs/ruby/3.3.4/lib/ruby/gems/3.3.0/gems/railties-7.2.1.1/lib/rails/templates/rails/welcome/index.html.erb (Duration: 0.5ms | GC: 0.0ms)
Completed 200 OK in 9ms (Views: 2.1ms | ActiveRecord: 0.0ms (0 queries, 0 cached) | GC: 0.0ms)


Started GET "/" for 127.0.0.1 at 2025-07-08 20:34:58 -0400
  [1m[36mActiveRecord::SchemaMigration Load (0.1ms)[0m  [1m[34mSELECT "schema_migrations"."version" FROM "schema_migrations" ORDER BY "schema_migrations"."version" ASC[0m
Processing by Rails::WelcomeController#index as HTML
  Rendering /Users/jash/.asdf/installs/ruby/3.3.4/lib/ruby/gems/3.3.0/gems/railties-7.2.1.1/lib/rails/templates/rails/welcome/index.html.erb
  Rendered /Users/jash/.asdf/installs/ruby/3.3.4/lib/ruby/gems/3.3.0/gems/railties-7.2.1.1/lib/rails/templates/rails/welcome/index.html.erb (Duration: 0.6ms | GC: 0.0ms)
Completed 200 OK in 15ms (Views: 2.2ms | ActiveRecord: 0.0ms (0 queries, 0 cached) | GC: 0.0ms)


